9.38808,-3.33471,111.378,1.93684e-26
-30.8721,20.0337,44.7206,3.43817e-26
-14.8704,19.6314,54.2,7.06095e-26
-31.9145,19.9089,44.3124,3.3632e-26
-37,19.3001,42.3214,3.22624e-26
-12.1546,18.0132,58.0033,0.0386582
-12.1569,18.0144,58,0.000333641
-17.9084,21.4621,49.9218,0.277746
-17.9527,21.5245,49.8658,0.0297217
-18.0172,21.5705,49.8036,0.0260112
-18.095,21.5701,49.7477,0.0636292
-18.1533,21.5562,49.7,0.0240443
-25.8161,20.6389,46.7,5.07098e-26
-30.9992,17.4193,48.6106,2.74938e-26
-21.0259,16.0288,54.2,5.71653e-26
-3.14268,9.67412,101.848,0.0210198
-42.5,20.4241,47.1026,8.47042e-26
-19.6673,16.6648,58,0.0290277
-22.6302,15.2763,49.8298,0.211341
-22.6914,15.2487,49.7,0.0672805
-50,22.3836,46.1191,1.9562e-25
-3.11618,9.64658,102,2.25391e-26
-29.9658,17.1493,48.7461,1.53604e-25
-20.023,-16.6648,54.2,6.01704e-26
-24.2102,-19.7654,33.3002,1.07305
-28.1346,-16.6911,35.7906,0.839109
-30,-15.7172,36.3475,0.381199
-19.0618,-15.6102,58,0.0313442
-21.1613,-17.9135,49.7,0.110901
18.6296,-16.4793,54.2,6.61328e-26
23.765,-20.9118,38.7607,0.165659
22.5807,-20.9159,37.3452,0.346594
21.8086,-20.8644,36.8408,0.466384
17.0352,-15.2897,58,0.0596387
20.5177,-17.888,49.7,0.0885649
-8.95199,-4.36341,107.076,1.62025e-25
30.7919,-50,58.2306,2.5409e-25
18.3855,-27.353,51,9.3385e-26
14.5333,-20.4971,54.2,8.27391e-26
26.6832,-42.5,55.836,1.86004e-25
12.7188,-17.2262,58.0623,0.0100077
12.738,-17.2438,58.0208,0.0130022
12.7487,-17.253,58,0.00857877
16.5284,-24.1105,49.9727,0.0106835
16.5739,-24.1347,49.9705,0.0178729
16.5965,-24.1538,49.9766,0.00674993
16.626,-24.1839,49.9897,0.0154338
16.6558,-24.2097,49.9967,0.0139082
16.6697,-24.2209,50,0.0056662
23.0182,-35.8097,53.7,2.27382e-25
-9.89432,-1.07298,107.48,1.498e-25
-32.8774,-50,58.0444,3.67072e-25
10.4247,-19.4246,51,2.82136e-26
16.3726,-14.2191,54.2,5.8868e-26
-21.5398,-41.9946,56.2,4.55209e-25
-22.2556,-42.5,56.3164,2.65028e-26
15.9745,-13.5921,58.0433,0.0182573
15.9938,-13.5992,58.004,0.0106592
15.9936,-13.5995,58,0.000445318
16.7976,-14.9202,49.9555,0.0111666
16.753,-14.9338,49.9548,0.0202601
16.7063,-14.9453,49.9545,0.0111847
16.6726,-14.9817,49.9496,0.0146782
16.6406,-15.0203,49.9591,0.00982512
16.6171,-15.0553,49.9805,0.0096522
16.5783,-15.0794,49.9971,0.0133324
16.5717,-15.0843,50,0.00285864
-6.17227,-31.1437,53.7,4.55209e-25
-11.3923,17.9083,54.2,6.20954e-26
-9.56096,20.1193,36.077,0.601942
-6.72693,19.4801,34.3387,0.634239
-5.00128,18.9431,32.7513,0.430391
-3.24668,18.9758,32.38,0.359338
-2.36451,18.3519,32.7724,0.342638
-2.25672,18.413,32.4946,0.223045
-10.9194,16.6726,58,0.0334397
-11.9382,19.3188,49.8419,0.0465469
-11.9558,19.3514,49.7,0.034981
-21.401,30.5477,48.843,2.86884e-26
-17.8179,14.9814,54.2,6.88006e-26
-16.6229,12.2813,58.0151,0.0354192
-16.6263,12.2884,58,0.0124539
-19.1615,18.0248,49.937,0.0306393
-19.1991,18.0945,49.9103,0.0425892
-19.2447,18.1979,49.8986,0.0289126
-19.2786,18.2679,49.8828,0.0159933
-19.3431,18.3318,49.8506,0.02686
-19.3707,18.4192,49.8099,0.0443656
-19.4174,18.4866,49.759,0.0258579
-19.4422,18.5607,49.735,0.0233134
-19.4667,18.6383,49.7122,0.0238641
-19.4822,18.6923,49.7,0.0228834
-24.5492,50,47.4367,2.03273e-25
-21.233,29.5101,48.918,1.46761e-25
-31.0002,17.4307,42.6518,3.00844e-26
-15.9146,19.4355,54.2,5.58244e-26
-33.2465,16.9712,41.5,6.81311e-26
-14.8654,18.7838,58,0.0270208
-17.1912,20.2152,49.7743,0.0703521
-17.2546,20.2427,49.7,0.0392895
-50,13.5439,32.9095,1.82811e-25
6.22129,-7.76846,106.665,1.6838e-25
24.5174,29.3052,49.3779,3.03211e-26
24.0993,28.2805,49.4393,1.34762e-25
20.113,20.4641,54.2,7.10378e-26
18.3833,17.8238,58.0284,0.0284963
18.3919,17.8459,58,0.0105794
22.0606,23.4096,49.9415,0.0195369
22.11,23.4734,49.9268,0.0210806
22.1456,23.5438,49.9033,0.0277178
22.1739,23.6251,49.8719,0.0236899
22.2142,23.6952,49.8475,0.0272804
22.2552,23.7631,49.8012,0.023605
22.3006,23.8202,49.7427,0.0308538
22.3225,23.892,49.7106,0.0323649
22.3258,23.934,49.7,0.0195536
32.9617,50,48.1368,2.17034e-25
-5.2376,8.48472,107.514,1.34946e-25
-18.8633,-14.0956,54.2,6.09262e-26
-39.0043,-15.0562,46.5,8.33978e-26
-19.08,-12.1089,58,0.0354291
-30.8186,-15.6103,47.7904,2.8622e-26
-18.611,-16.3473,49.925,0.0221295
-18.6214,-16.4238,49.831,0.031019
-18.6698,-16.4338,49.72,0.0915179
-18.7049,-16.4303,49.7,0.00864322
-29.7371,-15.6835,47.9609,1.43242e-25
1.58121,9.84426,109.367,8.49014e-26
-24.0087,-17.5332,54.2,6.05239e-26
-22.5851,-16.025,58,0.039597
-50,-26.1137,51.3406,1.94171e-25
-25.582,-19.2001,50,3.0262e-26
-30.7245,-20.7409,50.1019,4.39978e-26
-25.6596,-19.2745,49.8678,0.180798
-25.7342,-19.3499,49.7812,0.0297904
-20.2347,-18.7449,54.2,7.08346e-26
-41.7615,-25.6038,46.5,1.61131e-25
-16.9934,-18.3048,58,0.0491209
-50,-28.5525,44.983,2.07694e-25
-30.5014,-21.5736,48.5734,2.79025e-26
-23.8921,-19.2624,49.9183,0.0285931
-23.9876,-19.2847,49.8432,0.0461029
-24.0963,-19.312,49.7982,0.0283893
-24.2159,-19.321,49.752,0.0638096
-24.3268,-19.3613,49.7178,0.0787613
-24.3833,-19.3838,49.7,0.0203303
-29.5141,-21.2202,48.7552,1.43154e-25
17.2753,-11.4812,54.2,5.77324e-26
18.7734,-15.6995,39.7608,0.0330415
18.8305,-16.4158,38.2362,0.331359
18.8284,-16.4431,38.2031,0.00311949
18.1378,-17.6946,37.4312,0.369826
17.9663,-17.9648,37.0435,0.306747
16.246,-10.4015,58,0.0257348
18.4942,-12.7597,49.7,0.0867758
-7.89424,-6.06803,108.453,1.08167e-25
16.0909,30.883,48.4937,2.78732e-26
16.0592,29.7931,48.6425,1.41249e-25
14.6998,16.7513,54.2,8.16744e-26
16.4291,42.5,46.9082,1.16301e-25
13.8519,12.3905,58,0.0461219
15.7199,21.7442,49.8545,0.0645713
15.7969,21.9573,49.7395,0.0747087
15.8335,22.0442,49.7,0.0202353
16.6475,50,45.8846,1.87755e-25
42.5,-9.62016,46.5396,1.97614e-25
-2.19197,0.103811,58.0327,0.0202806
-2.19672,0.107716,58,0.00989169
50,-11.3217,45.99,2.12815e-25
-0.796248,0.0714183,49.9516,0.0159546
-0.795186,0.0981125,49.9055,0.0301564
-0.788526,0.118934,49.8502,0.021693
-0.745295,0.148091,49.7681,0.0328131
-0.702112,0.160892,49.7252,0.0182481
-0.666424,0.172225,49.7,0.0156524
-0.632126,0.165577,49.7,0.0152374
-0.631662,0.165472,49.7,1.71649e-05
8.38232,-1.8796,49.0395,1.36673e-25
13.7,-3.08607,48.6499,1.58456e-25
-0.167022,-9.98355,109.86,6.89496e-26
-17.0537,14.0205,54.2,6.60536e-26
-23.0212,23.6296,36.2215,0.703624
-23.1701,23.8524,35.6951,0.340596
-15.4532,12.4868,58,0.0390769
-18.949,15.8367,49.7,0.133618
-15.0049,11.531,54.2,6.27181e-26
-22.4634,9.75644,39.1997,0.177155
-23.3444,9.93324,38.8974,0.212254
-24.1062,9.88236,38.5134,0.149945
-24.712,9.34534,37.9969,0.184858
-25.2764,9.02322,37.9049,0.307727
-25.2474,9.02652,37.8969,0.0573474
-23.9755,13.5736,28.2883,0.518415
-25.199,11.9477,27.8481,0.404372
-26.2551,11.1534,27.264,0.368593
-26.5716,10.6387,27.2005,0.326637
-26.5729,10.6381,27.205,0.0203114
-13.6573,10.7268,58,0.0300863
-13.2804,10.425,59.1094,2.49996e-26
-16.5639,12.453,49.784,0.0528833
-16.6113,12.4419,49.7,0.0334374
7.99696,-6.24814,105,1.96862e-25
0.773628,2.3916,37.2369,0.60129
2.06842,2.74431,40,0.548043
0.57099,2.15324,37.5644,0.286813
-1.05669,2.05691,37.3974,0.00029101
-1.05619,2.05826,37.397,0.0107172
0.517633,-0.559774,58,0.0223481
2.48889,2.38896,58.1,0.026109
0.113563,0.500177,49.9515,0.010277
0.0969527,0.531228,49.7,0.0698839
2.47948,2.65793,50,0.0736907
-6.99555,-7.22386,105,2.11921e-25
-17.978,25.1519,50,1.0102e-26
-18.5242,31.0041,50.3095,1.01212e-25
-15.4258,19.9342,54.2,9.29836e-26
-13.104,15.1841,58.0222,0.0307604
-13.1166,15.2135,58,0.00523284
-17.9948,25.221,49.9366,0.0445193
-17.9777,25.2985,49.8768,0.032522
-17.9773,25.358,49.8448,0.0255467
-17.9774,25.4476,49.8376,0.0259353
-17.9427,25.5246,49.8519,0.0292212
-17.9012,25.5961,49.8656,0.0333826
-17.8476,25.6576,49.8535,0.018751
-17.8605,25.7511,49.8504,0.0256307
-17.8652,25.8453,49.8537,0.0286095
-17.8655,25.8508,49.8538,0.00094942
-20.9522,50,51.9893,2.02425e-25
-25.1759,19.9935,50,3.1731e-26
-30.7856,20.5129,50.5007,1.09414e-25
-24.0463,18.0904,54.2,6.34619e-26
-22.9896,16.3475,58.0544,0.0223443
-23.0244,16.3685,58,0.0250471
-23.5085,17.1841,56.2,1.85759e-26
-25.1902,20.0254,49.9545,0.0159711
-25.2255,20.0714,49.9185,0.0294174
-25.2733,20.1104,49.879,0.0254643
-25.326,20.1249,49.8556,0.0378865
-25.3867,20.1361,49.7936,0.0366677
-25.4452,20.156,49.7684,0.0260858
-25.5061,20.1803,49.7636,0.0214898
-25.5391,20.195,49.7717,0.0144771
-50,21.6772,53.1703,2.12541e-25
-42.5,21.2227,52.1283,9.35898e-26
6.46023,7.57237,109.884,6.20249e-26
23.8466,-13.8292,50,3.21037e-26
30.5162,-14.4815,48.7523,2.90563e-26
29.405,-14.3976,48.9125,1.50202e-25
21.6716,-12.1775,54.2,6.42075e-26
42.5,-15.3858,47.0247,9.06512e-26
19.3954,-10.2581,59.208,2.02823e-26
19.7037,-10.6831,58,0.0193007
23.8789,-13.8573,49.8944,0.0348764
23.9174,-13.9153,49.7845,0.0357936
23.942,-13.9854,49.7,0.0326484
50,-15.9518,45.9435,1.92463e-25
50,-25.3101,59.8322,2.78805e-25
18.7827,-5.07731,42.5,5.07518e-27
28.6124,-10.4906,42.5765,3.77582e-27
12.2618,-2.23921,45.679,4.97751e-26
25.1314,-8.01092,39.7777,0.234511
25.419,-8.27792,40,0.102943
18.6234,-5.008,42.5776,7.04331e-26
20.8339,-5.97008,41.5,6.53712e-26
28.5176,-10.425,42.5,4.93664e-26
30.5852,-11.8576,44.1682,7.43731e-26
2.2953,1.02958,58,0.02392
42.3994,-20.0436,53.7,9.87327e-26
3.90518,1.44057,49.8851,0.0308695
3.95401,1.39767,49.7143,0.0609377
4.01388,1.35061,49.7,0.0222386
8.53513,-0.617202,47.4958,1.4409e-25
3.86267,1.43947,50,2.07981e-26
13.7,-2.86515,44.9779,4.55228e-26
10.356,0.365759,105,2.28916e-25
-15.2476,-20.7332,54.2,5.53464e-26
-14.4037,-20.5576,58.0035,0.0359837
-14.4045,-20.5577,58,0.000534549
-50,-43.0115,52.9248,2.43781e-25
-42.5,-38.3112,52.2676,1.59265e-25
-37.9268,-35.4451,51.8668,1.24917e-25
-26.2248,-28.1114,50.8414,2.03817e-25
-16.193,-20.9528,49.8867,0.0493424
-16.1714,-21.0643,49.8272,0.0385162
-16.1687,-21.1763,49.7945,0.0361653
-16.174,-21.2913,49.7779,0.0229686
-16.1849,-21.4001,49.7828,0.0224258
-16.2476,-21.5,49.7633,0.0310299
-16.3018,-21.5872,49.7875,0.0283439
-16.3385,-21.6839,49.8025,0.0392708
-16.367,-21.7736,49.8622,0.0340823
-16.4051,-21.8612,49.9117,0.035379
-16.4534,-21.9613,49.9396,0.0333785
-16.5295,-22.0397,49.978,0.0479993
-16.5613,-22.0622,50,0.0146361
-16.609,-22.085,49.9977,0.0166708
-16.6231,-22.094,50,0.00596455
-30.412,14.0927,44.2477,3.64422e-26
-17.6423,20.3244,54.2,7.00451e-26
-31.2555,13.411,43.7893,3.71426e-26
-35.4672,10.007,41.5,8.13112e-26
-15.4397,18.6675,58.047,0.0700422
-15.4602,18.6915,58,0.0200407
-20.0816,22.1565,49.9615,0.00902987
-20.1054,22.192,49.9119,0.0227664
-20.1364,22.2228,49.8735,0.0129978
-20.2081,22.2366,49.8209,0.0469732
-20.2597,22.2333,49.7946,0.0904969
-20.315,22.2196,49.7723,0.0216521
-20.3488,22.2108,49.7341,0.0208483
-20.3809,22.1998,49.7,0.0173465
-50,-1.7384,33.6009,1.95074e-25
-25.9003,17.739,46.7,4.61386e-26
-9.66834,2.48117,105,2.05507e-25
-14.0471,-15.223,54.2,6.07644e-26
-16.1859,-20.9916,39.725,0.0421794
-16.0404,-22.0753,36.8967,0.504228
-16.0306,-23.6537,35.1034,0.4672
-17.2615,-24.4476,34.9334,0.655668
-17.3013,-24.477,34.9266,0.076395
-13.7278,-13.5305,58,0.0480966
-9.77698,2.05269,103.742,7.56706e-27
-9.92746,1.45916,102,3.95591e-26
-14.4251,-17.2273,49.7,0.108167
2.49889,10.7677,105,2.301e-25
23.7966,-22.6493,50,2.35508e-26
27.4234,-26.9618,50.0635,2.97887e-26
21.6851,-19.846,54.2,7.01025e-26
19.7747,-17.3098,58,0.0267519
23.9474,-22.8495,49.7,0.171304
24.0276,-23.0308,49.7663,0.0381885
47.3249,-50,51.8056,2.48211e-25
3.35075,9.38321,102.682,4.33103e-26
36.6267,-37.6156,50.8691,1.30426e-25
-17.7291,-15.214,54.2,6.3014e-26
-29.0843,-23.0003,35.747,0.81574
-29.0971,-23.0004,35.7282,0.00106133
-29.8864,-22.5919,35.1594,0.344195
-29.9703,-22.472,35.0324,0.169145
-16.503,-13.468,58,0.0305018
-19.1811,-17.2816,49.7,0.0858299
-23.9437,22.7278,50,3.22803e-26
-26.5122,27.873,49.5319,3.3415e-26
-22.9279,21.4396,54.2,6.45606e-26
-21.9917,20.2523,58.0706,0.0122173
-22.4441,20.8261,56.2,4.26902e-26
-23.9543,22.7433,49.9697,0.0115439
-23.9571,22.7639,49.9393,0.00749437
-23.9695,22.7829,49.9148,0.0161628
-23.9974,22.8217,49.8853,0.0205277
-24.0369,22.8677,49.8548,0.0227104
-24.0626,22.911,49.8807,0.017484
-24.0761,22.9524,49.883,0.01245
-24.0846,22.9646,49.882,0.00261574
-37.4559,50,47.9536,2.51796e-25
-26.0303,26.8985,49.6014,4.97262e-26
-13.2893,-18.5566,54.2,6.04578e-26
-17.0554,-25.9479,39.2157,0.129409
-17.8166,-27.4464,36.9729,0.477426
-17.3117,-28.7857,35.3308,0.419672
-16.3797,-28.8961,34.1229,0.365244
-16.2239,-28.7591,33.8004,0.257977
-12.7412,-17.0324,58,0.0477224
-13.9385,-20.3616,49.7,0.0952684
-39.6326,50,57.1428,2.70407e-25
-24.5866,23.609,51,6.43456e-26
-19.8615,17.4158,54.2,7.12404e-26
-35.3567,42.5,55.3971,1.98671e-25
-17.9185,15.9354,58.0542,0.0171466
-17.9275,15.9412,58.0109,0.0169406
-17.9315,15.9426,58,0.0026682
-22.014,19.0498,49.9661,0.0101847
-22.0318,19.072,49.9299,0.012396
-22.0459,19.102,49.9017,0.0194731
-22.0774,19.1579,49.9306,0.0279431
-22.0951,19.1853,49.9595,0.0316889
-22.1078,19.2158,49.9708,0.0100794
-22.1164,19.2546,49.9764,0.00838285
-22.1296,19.2941,49.9904,0.0130983
-22.1372,19.3128,50,0.00781618
-31.1999,35.2089,53.7,3.31925e-25
8.63953,-9.83007,112,1.81184e-25
-16.5733,11.1902,50,2.70524e-26
-16.1346,10.7348,51,3.00212e-26
-15.8802,10.8315,54.2,5.41047e-26
-14.0227,8.98175,56.2,6.00424e-26
-12.1139,7.39724,60.9,3.00212e-26
-15.2531,10.507,58,0.0355176
-12.52,7.73437,59.9,1.11079e-25
-16.6228,11.2158,49.7,0.0813261
-16.5466,11.079,49.9831,0.117531
-16.5407,11.072,50,0.0155931
-2.17695,10.9308,105,2.53134e-25
26.3755,-50,56.6819,2.87211e-25
21.2542,-24.7837,50,2.41413e-26
22.3029,-29.1391,51,1.50642e-25
17.4193,-19.0733,54.2,1.21034e-25
24.9113,-42.5,54.6391,6.61455e-26
13.9552,-13.8286,58.0699,0.0154033
13.9463,-13.851,58.045,0.0117436
13.9446,-13.8774,58.0253,0.00755504
13.9466,-13.9014,58.0037,0.00820388
13.9497,-13.9068,58,0.00627792
21.2687,-24.8068,49.9737,0.0115422
21.2754,-24.835,49.9543,0.00632123
21.2841,-24.8605,49.9411,0.0100844
21.2983,-24.8785,49.92,0.0106938
21.3286,-24.869,49.8887,0.020862
21.3755,-24.8429,49.8444,0.0163193
21.4405,-24.8421,49.827,0.0210273
21.4933,-24.8778,49.8217,0.0306041
21.5099,-24.9173,49.8288,0.0109694
21.5239,-24.9701,49.8535,0.019472
21.5151,-24.9928,49.8732,0.0103534
21.5064,-25.0163,49.8778,0.0103382
21.5021,-25.037,49.8827,0.00719022
-1.47543,9.85468,102.96,3.76094e-26
24.2382,-39.0521,53.7,3.01285e-25
-14.0263,-21.7504,54.2,6.18358e-26
-23.1289,-42.5,46.963,1.02935e-25
-12.708,-20.1013,58,0.0500751
-26.1444,-50,45.8206,2.04401e-25
-18.5073,-31.0056,48.7139,2.93265e-26
-15.5875,-23.7032,49.7,0.070159
-15.836,-24.3977,49.7214,0.257651
-15.9046,-24.5323,49.7,0.0492864
-18.0836,-29.9518,48.8745,1.58249e-25
4.69445,-8.77505,109.18,8.5472e-26
-30.9982,17.4083,42.576,2.89667e-26
-13.8119,13.807,54.2,5.837e-26
-33.3919,17.7292,41.5,7.04231e-26
-12.6822,12.5606,58,0.024544
-15.1498,15.283,49.7,0.129532
-50,19.9564,34.0345,1.28643e-25
-22.7701,-17.2877,54.2,6.08623e-26
-31.9917,-18.7099,43.8045,3.8975e-26
-35.5362,-18.8418,41.5,5.99119e-26
-22.8923,-16.3895,58.0532,0.0113442
-22.9067,-16.3997,58.0066,0.016872
-22.9065,-16.4018,58,0.00239138
-50,-19.3798,32.096,2.33899e-25
-30.9911,-18.6727,44.4551,3.81627e-26
-22.6258,-18.2755,49.9601,0.0139754
-22.6305,-18.2906,49.9218,0.0122325
-22.6344,-18.3089,49.8835,0.0202366
-22.6557,-18.3217,49.8273,0.0191726
-22.7023,-18.3186,49.7931,0.0163113
-22.7522,-18.3303,49.7888,0.0172599
-22.8029,-18.3315,49.7883,0.00792407
-22.8493,-18.3492,49.7787,0.0215885
-22.877,-18.3629,49.747,0.0128262
-22.9014,-18.3696,49.715,0.0152823
-22.9242,-18.3726,49.7,0.00534335
-27.5384,-18.5442,46.7,1.04591e-25
9.94616,-0.546609,111.581,1.29054e-26
-30.0874,13.16,47.9447,2.93328e-26
-20.5264,13.1545,54.2,6.22378e-26
-37,12.5899,46.0978,2.81464e-26
-18.2755,12.6694,58,0.0379015
-23.1392,13.6881,49.8547,0.0602667
-23.1742,13.6886,49.8308,0.0106353
-23.3289,13.7198,49.7472,0.161192
-23.3999,13.7233,49.7,0.0178895
-23.5124,13.7022,49.7013,0.0313735
-23.5174,13.7019,49.7,0.0012274
-39.401,22.984,44.1313,0.00563238
-28.9938,13.2502,48.2368,1.54142e-25
-3.57269,9.68162,105,2.16634e-25
-16.3486,-11.7297,54.2,6.17239e-26
-28.3844,-16.2668,37.9959,0.449467
-28.3867,-16.6076,37.8433,0.253686
-15.2155,-9.76123,58.8642,3.20544e-26
-15.4336,-10.1254,58,0.0390928
-3.84306,9.23012,103.929,2.20784e-27
-17.4321,-13.6294,49.7,0.115928
25.5511,17.6266,50,3.23034e-26
30.5028,21.5684,49.5782,2.84938e-26
29.6231,20.8667,49.6006,1.32857e-25
23.2358,15.896,54.2,6.46068e-26
21.141,14.3302,58,0.0285697
25.7165,17.7502,49.7,0.10137
50,37.122,49.0823,2.38055e-25
50,-43.2569,55.5995,2.30175e-25
24.3144,-26.6425,51,1.18659e-25
15.8001,-19.2801,54.2,7.59856e-26
42.5,-38.4056,54.2564,1.03652e-26
13.6221,-16.1661,58,0.0257584
18.2617,-22.7716,49.9039,0.0329292
18.3609,-22.8849,49.8865,0.0378548
18.4645,-22.9404,49.8934,0.031665
18.5661,-22.9728,49.9291,0.0256024
18.6613,-23.0046,49.9729,0.037373
18.7299,-23.0303,50,0.024611
34.4057,-33.1699,52.807,2.03282e-25
39.3925,-36.3956,53.7,4.82059e-26
37.9265,-35.4473,53.4375,1.15771e-25
-20.1192,5.52314,42.5,2.18546e-26
-13.6642,14.5134,54.2,5.58004e-26
-24.1023,-0.109186,38.906,0.498031
-24.5153,-1.2387,40,0.274456
-20.8703,4.14313,41.5,4.95037e-26
-25.9544,-9.68898,41.6741,2.44246e-26
-28.8723,-26.8229,45.0686,3.66043e-26
-29.7596,-32.0333,46.1008,3.35828e-26
-30.9624,-39.0957,47.5,1.40277e-25
-12.7805,13.7147,58,0.0273752
-14.7107,15.4592,49.7,0.138128
-32.8194,-50,49.6603,1.94535e-25
-28.6415,-25.4678,44.8001,4.01428e-26
-50,29.7616,60.5792,2.82869e-25
-16.494,12.3624,54.2,5.90152e-26
-28.5312,11.7834,38.6559,0.398101
-30,12.1284,38.6793,0.243159
-33.4892,15.2048,42.5,4.29941e-26
-37,18.3,46.3443,4.70785e-26
-38.0555,19.2306,47.5,4.29941e-26
-15.0148,11.2606,58,0.0283322
-18.2338,13.5955,49.7682,0.0784881
-18.2738,13.6064,49.7,0.0172393
-43.9915,24.4642,54,4.66806e-26
-42.5,23.1491,52.3668,2.86665e-26
-1.88396,-11.3674,105,2.19319e-25
-24.3058,29.4039,48.505,2.86178e-26
-19.5453,12.98,54.2,5.86001e-26
-2.97927,-9.73995,101.823,0.024121
-26.6065,42.5,47.4477,1.75008e-26
-18.4692,11.6112,58,0.0358499
-20.8196,14.601,49.7,0.0882519
-21.1096,14.4896,49.9031,0.113123
-21.4274,14.5399,49.8013,0.0946795
-21.7051,14.6008,49.7,0.085552
-27.9241,50,46.8423,1.89263e-25
-2.9181,-9.83084,102,6.26626e-26
-24.1108,28.294,48.5946,1.53688e-25
11.9768,1.03827,105,2.32119e-25
-21.4496,-15.4574,54.2,7.50045e-26
-31.8802,-16.1458,45.6504,3.14695e-26
-37,-15.4792,42.3848,3.20695e-26
-18.0027,-14.1779,58,0.0337163
-50,-13.7863,34.0927,9.58926e-26
10.0632,0.0670188,102,6.63197e-26
-25.2593,-16.8715,50,2.12283e-26
-30.899,-16.2736,46.2763,3.11652e-26
-25.5314,-16.9726,49.7,0.14183
-29.8777,-16.4066,46.9277,1.39383e-25
10.0294,0.789889,105,2.14732e-25
-14.1081,-12.5506,54.2,5.87327e-26
-34.0105,-42.5,47.2071,1.08027e-25
-11.9277,-11.3902,59.4288,1.44554e-26
-12.6161,-11.7721,58,0.032077
-38.6963,-50,46.563,2.21739e-25
-25.3873,-28.6978,48.3925,2.63905e-26
-15.8751,-13.4725,49.7,0.112189
-24.8405,-27.8225,48.4676,1.37745e-25
-18.7128,22.0455,54.2,6.02052e-26
-40.3047,8.54176,56.2,2.15439e-25
-42.5,7.05818,56.9169,7.7228e-26
-16.8504,22.6108,58,0.0261793
-20.8404,21.4167,49.9023,0.0353382
-20.9638,21.4197,49.8601,0.0454106
-21.0922,21.4103,49.86,0.0304978
-21.2129,21.4055,49.9226,0.073814
-21.2419,21.4002,49.9512,0.0112858
-21.32,21.3717,50,0.0530704
-32.6496,13.7151,53.7,1.40886e-25
-5.84646,-30.7967,49.0282,6.32297e-26
9.11502,4.05841,109.319,8.30714e-26
-10.5212,-50,60.2824,2.34317e-25
-19.0563,-14.3059,54.2,7.0429e-26
-8.69543,-42.5,55.887,9.63562e-26
-2.54053,-14.8706,39.7114,0.120592
-2.03211,-15.19,39.9274,0.120638
-2.09638,-15.3918,40,0.0362213
-6.163,-15.2075,41.5,2.00711e-26
-3.13481,-19.6576,42.5,5.71168e-26
-16.9819,-11.764,58,0.0333568
-7.78701,-38.7683,53.7,1.14234e-25
-21.3868,-17.2017,49.8993,0.0340208
-21.4241,-17.3537,49.8043,0.226164
-21.4449,-17.4568,49.7092,0.0333793
-21.4347,-17.4563,49.7,0.00390611
-7.29201,-6.80185,110.129,5.33537e-26
16.2252,-5.10527,49.3663,2.66549e-26
15.7233,0.993347,49.0214,4.72973e-26
15.2874,6.2893,48.7219,2.826e-26
13.3226,30.1632,47.3717,2.86613e-26
14.824,11.9201,48.4034,1.50916e-25
13.414,29.0525,47.4345,1.49571e-25
16.3104,-6.14044,49.4248,1.31663e-25
13.3787,-14.0608,54.2,6.97992e-26
13.2363,31.2127,47.3124,2.83963e-26
12.3073,42.5,46.674,1.75873e-25
10.7836,-15.9894,58,0.0226827
16.3258,-11.8331,49.8792,0.0402802
16.4465,-11.6985,49.7557,0.0492733
16.5014,-11.5161,49.7534,0.0450637
16.5456,-11.3592,49.7378,0.0460909
16.6125,-11.2074,49.7183,0.0792916
16.7109,-11.0065,49.7,0.0951244
11.6901,50,46.2499,1.89402e-25
-28.6273,25.488,48.4327,3.1567e-26
-13.6703,19.1656,54.2,5.60091e-26
-42.5,30.9427,47.2487,1.0078e-25
-13.6096,18.9214,58.037,0.0174861
-13.6104,18.9222,58,0.0107848
-13.741,19.4482,49.9428,0.0105116
-13.7457,19.4607,49.8785,0.0217005
-13.7474,19.4899,49.8102,0.207673
-13.7383,19.5345,49.7645,0.0292547
-13.7423,19.5939,49.7299,0.0223372
-13.7669,19.6449,49.7058,0.0314286
-13.7799,19.65,49.7,0.00324966
-50,33.8917,46.6085,2.39567e-25
-27.6579,25.1068,48.5155,1.73975e-25
-4.89947,50,54.345,1.05046e-25
-3.55817,-0.898992,58,0.0264426
-4.83901,46.1692,54,8.69061e-26
-4.7811,42.5,53.6695,5.99669e-25
-3.76203,-0.0384594,49.7,0.104896
-4.19922,1.26381,50,0.431748
-4.13674,1.6715,49.9924,0.127646
-4.24712,8.66539,50.6223,1.89468e-25
-18.416,-10.5258,54.2,6.21104e-26
-30.357,-11.4142,45.6923,3.33182e-26
-37,-11.8078,42.8319,2.91199e-26
-16.1924,-10.2414,58,0.0241212
-20.8738,-10.8402,50,3.10552e-26
-29.2128,-11.3464,46.185,3.7134e-26
-21.0493,-10.8627,49.7,0.0904538
-27.8748,-11.2671,46.7611,1.98756e-25
29.3662,24.3865,49.1716,2.79663e-26
28.3012,24.0969,49.2117,1.45046e-25
13.6895,17.6738,54.2,6.48381e-26
12.4376,15.3348,58,0.0347661
15.1786,20.4438,49.7507,0.0907716
15.3341,20.5716,49.7,0.0931645
50,29.9961,48.3946,1.92706e-25
-24.8601,29.067,49.4892,3.13333e-26
-11.5018,19.902,54.2,6.41919e-26
-10.0918,17.9188,58,0.0436816
-9.64666,17.0479,59.8159,2.58431e-27
-13.1716,22.2506,49.7,0.0988105
-50,43.728,49.0359,2.18617e-25
-37.656,36.5293,49.2585,1.33676e-25
-23.8059,28.4522,49.5082,1.92731e-25
-13.7357,-14.8073,54.2,5.87706e-26
-2.39947,-9.91923,101.817,0.0251375
-31.4431,-14.0625,44.6563,2.86224e-26
-37,-13.2515,42.7732,2.86199e-26
-12.3101,-14.0811,58,0.0297033
-2.36102,-9.89889,102,3.42841e-26
-30.443,-14.2084,44.9952,2.80388e-26
-15.4238,-15.6672,49.7,0.0931738
-16.1408,-16.0096,49.734,0.221368
-16.5403,-16.2372,49.7065,0.111848
-16.5591,-16.2347,49.7,0.00494465
-25.4121,-14.9426,46.7,3.4091e-26
-24.8047,16.1891,50,1.12071e-26
-30.6507,21.0163,48.9241,3.02442e-26
-22.7129,15.0955,54.2,6.14307e-26
-20.3142,19.4004,39.7422,0.0437321
-20.164,19.5175,39.5427,0.0452639
-19.9923,19.7155,39.4248,0.0750798
-19.8317,19.9265,39.3515,0.0419215
-19.5243,20.1594,39.2634,0.0962586
-19.164,20.1979,39.0704,0.131215
-18.8327,20.1549,38.9714,0.242891
-42.5,30.7936,47.2701,5.71752e-26
-20.8204,14.1061,58,0.0349119
-24.9078,16.2647,49.8249,0.0627817
-25.0926,16.4301,49.7,0.0937188
-24.8861,16.2808,49.7484,0.128235
-24.8724,16.3001,49.7,0.0687211
-50,36.9822,46.2232,2.43017e-25
-29.7359,20.2614,49.0518,1.61198e-25
-24.6841,16.4308,49.2821,1.35781e-26
0.577962,9.94308,108.912,1.02296e-25
-12.339,-15.9174,54.2,6.56069e-26
-14.1154,-24.9637,30.919,1.67207
-13.7025,-25.6105,29.3157,0.2965
-13.9114,-27.3712,28.2859,0.617362
-14.7724,-27.7912,28.2526,0.480431
-11.6573,-14.114,58,0.0389677
-13.1463,-18.053,49.7,0.231061
-15.8462,-10.3133,54.2,5.59813e-26
-37,-6.34368,44.0374,2.81922e-26
-14.6531,-10.3995,58,0.0413574
-17.1649,-10.2181,50,2.79907e-26
-28.8884,-7.93289,46.3642,6.90681e-26
-17.2591,-10.2113,49.7,0.170414
-25.4257,-8.61129,47.3574,2.30234e-25
30.1991,-22.6004,49.3663,2.807e-26
29.2484,-22.0533,49.3924,1.40594e-25
16.1518,-13.0363,54.2,6.42573e-26
14.6698,-10.9583,58,0.0274143
17.8506,-15.4177,49.8958,0.0422994
17.9474,-15.5053,49.8107,0.0337203
18.0263,-15.5854,49.7333,0.0357793
18.0661,-15.6181,49.7,0.0172041
50,-33.9954,48.8216,2.16629e-25
-11.0628,-17.3987,54.2,5.43826e-26
-11.8066,-17.8944,39.3283,0.1098
-12.0999,-18.1091,38.9285,0.347702
-12.4686,-18.575,38.9,0.139812
-12.6081,-18.9623,39.1876,0.306506
-10.5894,-17.3379,58.0322,0.0144654
-10.5975,-17.3443,58,0.0110324
-11.5766,-17.4468,49.9013,0.0276152
-11.5855,-17.4515,49.7917,0.072444
-11.6099,-17.4525,49.7,0.0291543
9.14268,-4.00665,111.073,2.81012e-26
-30.0347,13.0471,45.4486,3.1393e-26
-18.0863,12.4099,54.2,6.94218e-26
-31.108,12.9735,44.9027,3.2543e-26
-37,12.5693,41.9057,3.54255e-26
-15.1283,11.3099,58,0.02807
-21.4444,13.6296,49.8831,0.083934
-21.5534,13.6261,49.7721,0.06321
-21.6764,13.6205,49.7,0.0402702
-50,11.6774,35.2934,4.21251e-26
-27.5745,13.2159,46.7,1.32882e-25
9.56777,2.74236,108.315,1.12462e-25
-26.6211,8.23582,50.7281,1.95291e-25
-17.6573,13.4998,54.2,6.08157e-26
-15.9549,14.7081,58,0.0329918
-19.6477,12.1013,49.8559,0.0650913
-19.6997,11.9984,49.764,0.0701466
-19.7314,11.9184,49.7,0.0244133
-19.837,11.9033,49.7445,0.0298801
-19.9331,11.8372,49.8012,0.0904588
-20.0082,11.7562,49.8566,0.0522389
-20.0887,11.6851,49.9352,0.0432788
-20.1578,11.6146,50,0.0479593
-53.0026,-5.5555,53.7,5.52927e-25
26.7018,27.6834,49.076,2.80196e-26
26.0845,26.8033,49.1295,1.4144e-25
17.8235,17.1518,54.2,5.77791e-26
16.4126,17.0107,58.0047,0.0250298
16.4137,17.0109,58,0.000520924
19.3983,17.3067,49.9035,0.0226745
19.4263,17.3265,49.8194,0.0225962
19.4799,17.3868,49.7501,0.0243058
19.5064,17.4248,49.7,0.0169888
42.3546,50,47.7186,2.33753e-25
19.9984,14.7479,54.2,5.78993e-26
20.5679,18.5705,35.107,0.875748
20.0256,19.617,33.1041,0.548347
20.962,20.3059,32.1853,0.376371
21.2677,20.4384,31.8814,0.286016
19.6225,14.0676,58,0.0222001
20.4434,15.5535,49.7,0.100933
-18.1974,31.0327,48.6728,2.99651e-26
-14.239,13.1262,54.2,5.69394e-26
-15.1669,12.8918,58.0285,0.0216893
-15.1618,12.8894,58,0.00854893
-13.2129,13.4017,49.9235,0.0155326
-13.2364,13.4138,49.8614,0.0309957
-13.2597,13.4544,49.7982,0.0206787
-13.2969,13.4747,49.7316,0.0576528
-13.3132,13.4869,49.7,0.0136623
-23.4774,50,47.5624,2.06694e-25
-17.9008,29.9672,48.7352,1.56407e-25
23.0657,-7.0835,48.4622,3.30258e-26
27.2431,-27.1421,47.168,3.3446e-26
20.5069,5.20266,49.2549,2.7683e-26
20.2896,6.24627,49.3222,1.4031e-25
26.9816,-25.8864,47.2491,5.24343e-25
17.6894,10.9557,54.2,5.89672e-26
27.4951,-28.3519,47.09,3.23033e-26
29.3996,-37.4964,46.5,1.50935e-25
16.1335,9.64666,59.7077,5.50795e-27
16.5236,9.98768,58,0.045754
19.07,12.1021,49.7,0.084266
32.0036,-50,45.6933,1.95876e-25
11.2843,0.924697,105,2.16718e-25
-30.3274,13.7772,43.4561,3.40954e-26
-16.5439,13.2453,54.2,6.60792e-26
-31.3636,13.7972,42.8348,3.21319e-26
-33.5898,13.8403,41.5,5.17176e-26
-13.7684,12.956,58,0.0507026
-19.8337,13.5904,49.7827,0.0809349
-19.9141,13.5757,49.7,0.0365606
-50,14.1577,31.6605,2.17069e-25
9.84064,1.61797,102.292,5.28877e-26
-24.9174,13.6725,46.7,4.98476e-26
-22.5168,12.5266,50,3.13747e-26
-30.5333,14.5453,45.3684,3.79928e-26
-20.0036,11.8623,54.2,6.80604e-26
-31.6519,14.8267,44.7501,3.60204e-26
-37,16.1719,41.794,4.31836e-26
-17.7297,11.2612,58,0.0286685
-22.6964,12.574,49.7,0.0997882
-50,19.4419,34.6086,8.51099e-26
-28.124,13.9393,46.7,1.83505e-25
-20.8912,-12.6955,54.2,8.52244e-26
-42.5,-29.9986,46.9995,1.11476e-25
-16.717,-9.64666,59.0618,2.52524e-26
-17.1524,-9.94028,58,0.036686
-50,-36.1276,45.8207,2.45075e-25
-25.0236,-15.7408,50,3.271e-26
-30.8048,-20.4414,48.8377,3.22097e-26
-25.3187,-15.9583,49.7,0.134548
-29.8391,-19.6523,48.9895,1.58261e-25
-17.7532,-12.8913,54.2,6.45085e-26
-24.0157,-20.8502,33.5555,1.30562
-23.9272,-21.5129,29.9322,0.553478
-21.1311,-21.2539,28.8635,0.524331
-19.6854,-21.1976,30.4321,0.409851
-18.513,-21.8924,31.0612,0.440674
-18.6366,-21.7341,31.5209,0.306323
-16.6745,-11.4725,58,0.0332697
-19.0307,-14.5714,49.7,0.123456
-30.9421,16.7664,49.4039,2.62735e-26
-16.0663,16.7963,54.2,5.97143e-26
-14.9732,15.4565,58,0.0286784
-17.3608,18.3828,49.7,0.116557
-29.9305,16.8868,49.4259,1.39143e-25
-5.95919,-9.2055,105,2.25098e-25
-24.8265,29.0905,49.5677,2.79445e-26
-20.2098,19.3392,54.2,6.47109e-26
-6.953,-7.45614,101.837,0.0285318
-18.5904,17.5614,58.0424,0.0218833
-18.6224,17.5991,58,0.0129203
-21.9952,21.2874,49.9527,0.0134074
-22.0466,21.2996,49.8945,0.0222804
-22.0825,21.2998,49.8213,0.0165993
-22.1143,21.3244,49.7487,0.0304553
-22.132,21.3355,49.7,0.0117307
-32.0916,50,49.2111,2.07124e-25
-6.90175,-7.54635,102,6.43138e-26
-24.4811,28.0965,49.5847,1.50939e-25
19.1992,18.4189,54.2,6.55769e-26
24.0257,24.8618,38.8509,0.321217
25.4019,24.9588,35.6921,0.564462
26.1578,24.1449,33.181,0.711417
26.0235,23.4047,31.8482,0.367737
26.5445,23.6904,31.4063,0.287769
26.621,23.64,31.4084,0.108394
18.14,16.8143,58,0.0246461
20.4535,20.3192,49.7,0.0800363
-9.93543,-0.655548,106.107,1.90262e-25
30.3943,-21.9734,48.9409,2.89939e-26
29.5299,-21.3073,49.0323,1.65503e-25
19.9892,-15.4839,54.2,6.83033e-26
17.2381,-14.6785,58.028,0.0231582
17.2699,-14.6787,58,0.0154915
23.0455,-16.3759,49.9437,0.0174047
23.0811,-16.3927,49.8723,0.0215035
23.1218,-16.3944,49.7967,0.018834
23.1874,-16.3931,49.7252,0.0475095
23.2183,-16.4433,49.7,0.0162399
50,-37.0822,46.8668,2.47415e-25
-13.9737,23.6527,50,6.39314e-27
-30.7842,20.5183,47.8407,3.39936e-26
-13.1039,20.8419,54.2,6.95617e-26
-42.5,18.1344,46.5201,2.02367e-25
-12.2895,18.2794,58.0481,0.0157792
-12.3169,18.2989,58,0.0145798
-13.9923,23.6957,49.955,0.0194293
-14.0126,23.7435,49.9157,0.016677
-14.0291,23.7677,49.8808,0.0110613
-14.0777,23.799,49.8381,0.0226362
-14.1297,23.8514,49.8167,0.0274575
-14.1826,23.8686,49.7775,0.0201773
-14.2256,23.8868,49.7398,0.0227496
-14.2711,23.8813,49.7119,0.0164636
-14.2903,23.8743,49.7,0.00986547
-14.3871,23.8546,49.6891,3.01553e-27
-29.6394,20.7512,47.9698,1.88726e-25
17.6945,-20.532,54.2,6.34184e-26
16.498,-23.2642,39.8072,0.0250907
16.5082,-23.4584,39.1898,0.0976261
16.6268,-23.8758,38.6963,0.0955573
16.7976,-24.6128,38.3368,0.146756
16.6567,-25.5184,38.5439,0.199772
16.4774,-26.0383,38.8914,0.343576
16.4808,-26.0389,38.8889,0.0193372
18.677,-23.5788,38.4636,0.00029101
18.6773,-23.5802,38.4628,0.0114986
16.7828,-23.5982,38.3002,0.00025111
15.4222,-19.7795,58,0.0273833
20.2305,-21.3732,49.9515,0.0150445
20.3385,-21.4059,49.7,0.0869259
-3.59614,-9.30877,109.005,1.0266e-25
13.2787,30.1427,50.7908,1.97993e-25
16.0791,17.2368,54.2,7.86045e-26
15.9427,13.9632,58.0566,0.0188448
15.9441,13.9821,58.0225,0.0112981
15.9489,13.9977,58,0.0061307
16.2304,20.8448,49.9733,0.0105106
16.2499,20.8824,49.9529,0.0295578
16.2497,20.9253,49.9468,0.0135751
16.2572,20.9697,49.9546,0.0224591
16.2578,21.0092,49.9668,0.0134788
16.2547,21.0472,49.9869,0.0141936
16.2497,21.0771,50,0.00643159
6.77092,50,52.523,2.35555e-25
9.22886,42.5,51.8687,6.50943e-26
4.55201,8.85118,111.608,1.16877e-26
-21.1473,11.9064,50,2.92465e-27
-21.6462,30.4819,47.6544,2.85983e-26
-19.6445,11.3689,54.2,5.86742e-26
-21.8672,40.9428,46.5,1.35866e-25
-18.2848,10.8827,58,0.0318135
-21.2546,11.9448,49.7,0.19628
-22.0585,50,45.5005,1.92415e-25
-21.6231,29.3898,47.7749,1.50692e-25
-18.4091,-17.9504,54.2,5.74797e-26
-38.3867,-3.01318,46.5,8.42562e-26
-16.9967,-17.5527,58,0.0364294
-28.9458,-10.9599,48.1504,2.73698e-26
-20.0816,-18.4213,49.7,0.0824933
-28.1322,-11.6448,48.2926,1.40316e-25
-9.90124,1.00268,108.941,9.75645e-26
15.1109,-20.6993,54.2,6.09066e-26
25.8614,-26.6246,36.6946,0.846704
25.7699,-27.3896,34.9368,0.281029
25.531,-27.5984,34.6964,0.264148
13.4275,-19.7706,58,0.0261578
17.1045,-21.799,49.7,0.117075
-9.13781,-4.01576,107.884,1.36995e-25
13.4633,13.603,54.2,6.59416e-26
18.8627,20.8738,34.7087,0.946367
18.8989,20.9266,34.5097,0.0296456
18.9751,21.9171,33.1951,0.33902
19.3884,22.5918,32.5962,0.321456
19.303,22.7463,32.5001,0.172908
18.4326,21.634,34.3307,0.28798
18.2393,21.7658,34.3353,0.189696
11.3845,11.8947,59.384,1.71744e-26
11.9702,12.3487,58,0.0306436
15.2315,15.0885,49.7,0.103929
18.9182,29.0015,51,1.55961e-25
16.607,19.1953,54.2,7.69085e-26
15.0293,17.8405,58.0781,0.0139654
15.0294,17.8561,58.0525,0.00744995
15.0283,17.8651,58.0281,0.00865631
15.0318,17.8716,58.0005,0.00804005
15.032,17.8718,58,0.000136421
18.3609,20.6622,49.9787,0.00430053
18.3838,20.6673,49.9688,0.00758146
18.4033,20.6699,49.9591,0.00744696
18.4302,20.673,49.9583,0.0120033
18.455,20.6762,49.9686,0.00936553
18.4745,20.6852,49.9722,0.00961106
18.4929,20.6924,49.9827,0.00551668
18.5068,20.7046,49.9919,0.00580879
18.5202,20.7218,50,0.0109567
19.9275,50,53.5361,2.61285e-25
19.567,42.5,52.6303,2.87514e-25
-13.0685,-14.747,54.2,6.17936e-26
-42.5,-13.4562,46.6828,1.79368e-25
-10.9885,-14.2194,58.0101,0.0258342
-10.9942,-14.2206,58,0.00261402
-30.4672,-14.2989,48.0428,2.75859e-26
-15.4267,-15.3414,49.92,0.0276409
-15.4972,-15.3572,49.846,0.0257287
-15.6153,-15.3568,49.7796,0.0521657
-15.7265,-15.3359,49.7325,0.0281846
-15.8048,-15.3258,49.7,0.0393147
-29.4172,-14.3724,48.1615,1.4848e-25
18.7431,15.3041,54.2,5.90223e-26
22.116,20.5541,36.6659,0.583697
23.3354,21.9188,34.1694,0.459871
24.4994,22.4407,32.2275,0.504734
25.1502,22.5185,30.7957,0.343586
25.8052,22.7638,30.2746,0.319985
25.8549,22.8537,30.2152,0.126121
18.0145,14.3404,58,0.02328
19.577,16.4048,49.8083,0.0604113
19.595,16.4362,49.7,0.0250815
-23.636,-16.6784,54.2,6.1169e-26
-32.0163,-17.2672,45.0961,3.28075e-26
-37,-16.3905,41.6118,4.2468e-26
-22.1595,-15.1356,58,0.0378721
-50,-14.1037,32.523,1.66252e-25
-25.268,-18.3835,50,2.89777e-26
-31.0015,-17.4457,45.8056,3.34678e-26
-25.329,-18.409,49.8586,0.243614
-25.4209,-18.427,49.7088,0.0484648
-25.4313,-18.4256,49.7,0.00341371
-29.7222,-17.6708,46.7,1.43444e-25
-6.26767,7.83141,105,2.5775e-25
-13.1684,-50,57.8842,2.66226e-25
-18.0014,-15.2878,54.2,1.06e-25
-14.2583,-42.5,55.9094,2.46915e-25
-18.4545,-10.9641,58.0779,0.00595996
-18.4471,-10.9807,58.0596,0.0133922
-18.4396,-10.9951,58.0361,0.00946412
-18.4352,-11.0145,58.0151,0.0144785
-18.4389,-11.0269,58,0.0101626
-15.4778,-34.1088,53.7,2.08988e-25
-17.5176,-20.0171,49.9886,0.00944576
-17.5212,-20.0352,49.9895,0.00934885
-17.5214,-20.052,49.9976,0.00563382
-17.5199,-20.0567,50,0.00185941
9.35675,-3.438,110.905,3.81164e-26
-22.2129,24.6021,50,3.75114e-26
-27.2378,27.1474,48.9955,3.29528e-26
-17.68,20.0235,54.2,1.15404e-25
-39.8885,33.5444,46.5,1.83531e-25
-13.5005,15.8016,58.0686,0.00965189
-13.5274,15.8303,58.0436,0.0230666
-13.5473,15.8599,58.0233,0.0112593
-13.5783,15.8805,58.0005,0.0228445
-13.5788,15.881,58,4.45296e-05
-22.2382,24.6186,49.9842,0.0111159
-22.2459,24.6232,49.9802,0.00268716
-50,40.3978,45.6131,2.81194e-25
-42.5,34.865,45.9848,0.0196619
-26.2816,26.6639,49.1841,9.46752e-26
8.84852,4.55699,106.466,1.7688e-25
-20.2153,-12.1917,54.2,6.3603e-26
-18.4144,-10.628,58,0.0350477
10.8591,-50,50.9614,2.77789e-25
-9.81536,-28.1395,50.3623,1.79054e-25
-22.2424,-13.9721,49.9208,0.0302422
-22.2622,-14.0649,49.841,0.0305874
-22.2639,-14.167,49.7915,0.053151
-22.2594,-14.2754,49.7489,0.0318385
-22.3227,-14.3904,49.7695,0.05318
-22.3506,-14.5066,49.7585,0.0565979
-22.342,-14.5891,49.7404,0.0196424
-22.3179,-14.6976,49.75,0.049598
-22.3217,-14.7866,49.8226,0.0315793
-22.3066,-14.8582,49.9129,0.0372615
-22.3177,-14.92,50,0.030689
50,-14.452,57.0871,3.43765e-25
-16.5826,-12.7154,54.2,9.68291e-26
41.4879,-14.0721,56.2,9.42506e-25
-15.1712,-13.8388,58.0811,0.0096267
-15.1815,-13.844,58.0664,0.00861422
-15.1923,-13.8515,58.0545,0.00571882
-15.2086,-13.8717,58.0398,0.0154467
-15.2213,-13.8893,58.0322,0.0317352
-15.2322,-13.8998,58.0148,0.00900247
-15.241,-13.9081,58,0.0363703
42.5,-14.1172,56.3055,4.97053e-26
8.68536,-12.608,52.7816,5.09728e-25
-8.41128,-11.8449,51,3.59053e-25
-18.0668,-11.3951,49.9906,0.00301644
-18.0584,-11.3995,49.9909,0.00233076
-18.0523,-11.4054,49.9899,0.00294387
-18.0474,-11.4137,49.9897,0.00725275
-18.0432,-11.4204,49.9903,0.00306854
-18.0362,-11.4271,49.9923,0.00204678
-18.0274,-11.4227,49.9973,0.0042636
-18.0222,-11.4196,50,0.00251185
-18.0146,-11.4179,49.9987,0.00445422
-18.0075,-11.4167,50,0.00395452
-18.0073,-11.4167,50,0.00011894
-19.5532,30.9141,49.4155,2.73046e-26
-15.5426,20.0464,54.2,6.52252e-26
-13.3032,18.6957,58,0.0279621
-18.0906,21.5601,49.9115,0.0222858
-18.1195,21.5629,49.8636,0.0147685
-18.1969,21.5496,49.7757,0.0328431
-18.2409,21.6644,49.7276,0.0283854
-18.2687,21.719,49.7,0.0136201
-22.2193,50,48.825,1.91861e-25
-19.4071,29.8686,49.4479,1.37462e-25
29.7279,12.3892,48.3682,2.68733e-26
28.7354,12.7277,48.5402,1.387e-25
19.6841,17.3497,54.2,6.50584e-26
40.5105,8.71164,46.5,1.28238e-25
17.8299,19.3002,58,0.0196433
21.9009,15.1056,49.7827,0.0963999
22.0417,15.0107,49.7,0.045371
50,5.47514,44.8558,1.99015e-25
-13.2411,-15.5705,54.2,6.41242e-26
-11.6526,-13.7401,58.0131,0.0235736
-11.6564,-13.7453,58,0.00290599
-50,-38.1965,47.4058,2.23152e-25
-28.5569,-25.5886,48.8221,2.74783e-26
-15.027,-17.6322,49.9382,0.0279248
-15.1016,-17.6807,49.8912,0.023857
-15.1684,-17.7048,49.8244,0.0239634
-15.2138,-17.7457,49.7464,0.0352366
-15.2656,-17.7738,49.7,0.0210866
-27.6516,-25.0564,48.8819,1.41451e-25
30.9772,-17.1678,47.6207,2.63466e-26
29.9629,-17.3378,47.7559,1.38981e-25
13.661,-18.1721,54.2,5.85151e-26
31.9694,-17.0014,47.4885,2.36098e-27
39.3873,-15.7578,46.5,9.25452e-26
12.672,-16.7172,58,0.0340959
14.8656,-19.8634,49.7904,0.116997
15.0703,-19.9658,49.7672,0.0749854
15.2167,-19.8208,49.7501,0.0913549
15.3734,-19.7837,49.7,0.0453077
50,-13.9786,45.0858,1.9125e-25
-19.0714,-19.4193,54.2,6.08717e-26
-17.9204,-17.6724,58,0.0319093
-27.0857,-50,47.3741,1.91897e-25
-22.4797,-30.2554,48.9848,2.81486e-26
-20.4345,-21.488,49.7,0.133824
-22.2288,-29.1796,49.0726,1.37985e-25
-24.9073,-50,59.0415,2.08608e-25
-15.4645,-20.5034,54.2,6.26168e-26
-22.5634,-41.5097,56.2,1.78092e-25
-14.1186,-18.9538,58,0.026773
-22.8368,-42.5,56.5314,2.95128e-26
-20.5012,-34.0397,53.7,1.58705e-25
-18.274,-25.972,51,3.29378e-26
-17.0583,-22.3385,49.7,0.0938109
-17.4491,-22.984,50,0.287437
-16.2393,-20.7605,54.2,7.03962e-26
-13.3978,-20.7775,58.039,0.0182145
-13.4178,-20.78,58,0.0141957
-42.9016,50,48.4965,2.21787e-25
-25.6395,-2.72303,49.3963,1.53863e-25
-19.4072,-20.7401,49.9557,0.0209973
-19.4639,-20.7314,49.9179,0.0183386
-19.5169,-20.7098,49.9048,0.0157294
-19.5649,-20.6864,49.8736,0.0127577
-19.6228,-20.6605,49.8496,0.0193264
-19.6958,-20.6047,49.8292,0.029895
-19.7463,-20.5841,49.7725,0.0245423
-19.7799,-20.5524,49.7407,0.0220959
-19.8125,-20.5203,49.7,0.0203007
-24.0327,-7.6307,49.48,1.60908e-25
-21.6946,-18.5382,54.2,6.31407e-26
-25.3668,-23.9911,36.9801,0.500707
-25.3992,-24.5517,35.5048,0.416421
-25.4568,-24.6645,34.8321,0.304113
-25.4302,-24.6368,34.8098,0.0713556
-20.4506,-17.1549,58,0.0217214
-23.1676,-20.1763,49.7,0.0912758
-19.8091,-18.6263,54.2,6.24836e-26
-23.8728,-23.8574,39.0604,0.177597
-24.0655,-23.7183,35.1447,0.693148
-25.0004,-24.7653,32.4082,0.51175
-24.6178,-26.1213,30.6788,0.395476
-23.1162,-26.7636,30.4932,0.342944
-23.3174,-27.5549,29.9564,0.375537
-23.3926,-27.5013,29.9246,0.112496
-18.8154,-17.2515,58,0.0578425
-20.9859,-20.2544,49.7,0.138559
4.11935,9.08244,105.154,1.92168e-25
-28.5076,10.3411,48.1598,2.89022e-26
-13.5147,13.9703,54.2,6.29242e-26
-41.3876,7.13948,46.5,1.48823e-25
-11.146,14.4407,58,0.0238396
-16.2943,13.4247,49.8344,0.057957
-16.458,13.3907,49.7775,0.0416318
-16.5553,13.3121,49.7,0.0477334
-27.4074,10.6146,48.3015,1.63677e-25
-3.78428,-2.47449,34.8836,0.778712
-3.13292,1.35166,32.8916,0.719273
-4.26928,4.59039,32.2457,0.675987
-4.63311,7.02927,32.2079,0.416022
-6.50066,7.15246,32.4351,0.405435
-7.45651,7.72072,32.0422,0.375356
-7.33882,7.50926,31.9369,0.204293
-0.422715,-3.27905,58,0.0336779
-1.2144,-3.31148,49.7344,0.086196
-1.22055,-3.31249,49.7,0.00939907
9.64734,-2.48004,111.351,2.05222e-26
-19.2738,-21.7509,54.2,5.79625e-26
-31.8657,-20.0197,43.0148,3.28468e-26
-34.4954,-19.2853,41.5,5.56577e-26
-18.502,-20.4,58.0057,0.0209292
-18.5034,-20.4015,58,0.000953708
-50,-14.9557,32.5691,1.90955e-25
-30.8411,-20.3058,43.6049,3.48317e-26
-20.1403,-23.2628,49.8603,0.0403908
-20.2109,-23.2654,49.7522,0.0380201
-20.2597,-23.2606,49.7,0.0202969
-25.4679,-21.8062,46.7,7.18198e-26
8.51743,-50,59.4523,2.17404e-25
17.5758,-25.9347,51,3.22561e-26
16.9974,-22.2295,54.2,5.8977e-26
12.0029,-40.7401,56.2,1.76855e-25
11.3405,-42.5,56.8181,5.46592e-26
15.242,-22.0839,58,0.0283058
18.998,-22.4241,49.875,0.0422935
18.9959,-22.5552,49.9027,0.0358325
18.9386,-22.693,49.8661,0.0497725
18.8507,-22.8097,49.818,0.0317879
18.7773,-22.9205,49.8837,0.0661217
18.7093,-23.0227,49.9584,0.0713175
18.6475,-23.0875,50,0.0546115
14.6822,-33.6221,53.7,1.53068e-25
-7.35059,6.73046,110.014,6.02002e-26
-50,-33.9633,56.4571,2.25033e-25
-20.5786,-17.6454,54.2,6.16847e-26
-42.5,-30.0146,54.7072,6.98894e-26
-19.1472,-16.2266,58.0201,0.0360428
-19.1505,-16.2351,58,0.00614751
-38.1829,-27.7418,53.7,2.75574e-25
-26.6105,-21.649,51,7.13701e-26
-22.1967,-19.244,49.9302,0.0378285
-22.242,-19.3212,49.9138,0.016792
-22.2954,-19.3736,49.984,0.0744909
-22.3245,-19.3925,50,0.0150652
-18.4984,-11.8021,54.2,6.13681e-26
-23.1643,-18.4015,37.3875,0.49141
-23.887,-21.4151,36.628,0.644225
-25.1564,-23.4175,36.5301,0.611723
-26.314,-23.4769,36.6914,0.441512
-26.3866,-23.5534,36.6133,0.133874
-17.3423,-10.7385,58,0.0229253
-19.8674,-13.0616,49.7,0.131285
-23.4883,-15.1885,54.2,5.61752e-26
-31.7479,-15.262,44.9861,3.19694e-26
-36.7334,-14.9009,41.5,4.64412e-26
-22.2754,-14.6848,58,0.0445468
-50,-13.9401,32.2236,1.7538e-25
-24.8289,-15.7453,50,2.80876e-26
-30.7448,-15.3347,45.6875,3.3234e-26
-24.9496,-15.7553,49.7831,0.0814676
-25.0063,-15.7503,49.7,0.0313683
-29.2967,-15.4396,46.7,1.39324e-25
-15.2379,-16.5937,54.2,5.96496e-26
-19.2088,-19.738,39.7969,0.0338217
-19.3108,-19.9162,38.8284,0.148515
-18.9805,-21.2769,36.3582,0.428296
-17.8461,-23.0475,35.4643,0.415368
-17.0162,-24.2065,35.3968,0.321045
-16.4305,-24.4647,35.7034,0.384777
-20.0342,-19.9364,38.7052,0.236008
-20.2634,-19.8997,38.5261,0.217992
-14.5497,-15.7532,58,0.0288897
-16.0529,-17.5891,49.7,0.0791713
6.68711,7.38617,108.373,1.0825e-25
29.4901,-24.1208,49.5341,2.69093e-26
28.7204,-23.3875,49.5497,1.48099e-25
20.0883,-14.1509,54.2,6.04241e-26
8.90868,4.88755,101.862,0.0245548
19.0512,-12.3689,58,0.0374505
21.2853,-16.2218,49.86,0.04214
21.3012,-16.3189,49.7,0.0494102
50,-43.6615,49.1185,2.57014e-25
8.86145,4.94067,102,4.78105e-26
-28.6285,10.5136,45.4139,2.733e-26
-12.2962,18.5327,54.2,5.65996e-26
-29.5061,10.0211,45.1764,2.73058e-26
-37,5.81547,43.1485,3.24907e-26
-11.8701,17.7862,58.0602,0.00994367
-11.8795,17.7982,58,0.016765
-12.7896,19.4025,49.7,0.0935436
-23.8757,13.1809,46.7,2.12489e-26
-17.7244,50,58.3298,1.97738e-25
-15.1032,14.1618,54.2,7.45208e-26
-18.0685,40.7647,56.2,2.44978e-25
-18.0039,42.5,56.6002,4.9018e-26
-11.5701,14.5698,58.0249,0.0259247
-11.5851,14.568,58,0.00804006
-19.0559,13.7124,49.9505,0.0171453
-19.0616,13.8087,49.9701,0.0314765
-19.0701,13.8806,50,0.0236461
-18.4724,29.9243,53.7,3.34929e-26
-30.9485,16.8396,44.7262,2.95165e-26
-19.0738,17.5103,54.2,6.38627e-26
-31.9395,16.6683,44.1788,2.9499e-26
-36.789,15.83,41.5,5.63592e-26
-16.7133,16.7825,58,0.0260416
-21.7596,18.3382,49.9154,0.035726
-21.8345,18.3709,49.8208,0.0302265
-21.938,18.3968,49.704,0.040436
-21.9442,18.3961,49.7,0.00256943
-50,13.5463,34.2025,1.01305e-25
-27.3753,17.4573,46.7,7.83457e-26
-10.0366,0.465279,105,1.89205e-25
6.15871,15.9849,49.5998,5.71919e-26
8.97203,27.3573,49.5322,5.63434e-26
8.43461,25.1849,49.5451,2.48569e-25
-1.2421,-0.11043,58,0.0218115
14.5735,50,49.3974,1.91433e-25
1.93998,-0.981422,49.7229,0.170471
1.99577,-0.842949,49.7,0.033349
4.07189,7.54938,49.6501,1.31144e-25
4.34708,8.66179,49.6434,2.77401e-26
3.28079,-9.40444,106.22,1.86774e-25
-30.5587,14.6403,48.1728,2.82883e-26
-17.1384,16.7726,54.2,6.55906e-26
-41.5792,12.3519,46.5,1.67252e-25
-14.5778,16.8678,58,0.0871741
-20.0324,16.6635,49.9356,0.0374043
-20.1134,16.6563,49.884,0.0216744
-20.1773,16.6689,49.8352,0.0226807
-20.1931,16.7146,49.7613,0.147966
-20.2798,16.7449,49.7867,0.03109
-20.3822,16.7559,49.7709,0.0357661
-20.4673,16.7369,49.7209,0.0271632
-20.4972,16.7296,49.7,0.0107882
-29.5658,14.8465,48.3235,1.51164e-25
-10.0005,5.67906,105,2.26808e-25
13.3545,-30.178,48.4331,2.95316e-26
13.3972,-29.0334,48.639,1.56152e-25
13.0734,-20.406,54.2,6.20126e-26
12.9535,-40.9236,46.5,1.33278e-25
12.5658,-18.1765,58,0.0269928
13.6285,-23.0147,49.8275,0.0662634
13.6173,-23.1354,49.7,0.0641294
12.6148,-50,44.8672,1.89484e-25
-8.88122,4.49582,102.669,4.31329e-26
-22.7418,11.8323,50,2.94667e-26
-28.8179,10.7842,45.948,3.38202e-26
-20.7851,11.8495,54.2,5.89334e-26
-29.901,10.5932,45.2387,3.40981e-26
-35.61,9.58675,41.5,4.94084e-26
-19.0148,11.8651,58,0.0805723
-22.8418,11.8318,49.8684,0.0460757
-22.8688,11.8329,49.844,0.0138492
-50,7.04989,32.0763,1.93864e-25
-27.6697,10.9866,46.7,1.48225e-25
-1.36257,-11.4648,105,2.26786e-25
-30.666,15.0407,44.8843,3.01024e-26
-19.0151,17.7449,54.2,6.57968e-26
-31.6142,14.692,44.3367,3.01969e-26
-36.5264,12.8857,41.5,5.57796e-26
-16.2815,17.4092,58,0.0260195
-22.2512,18.1243,49.7398,0.149819
-22.3268,18.1072,49.7,0.0316067
-50,7.93114,33.7192,1.27221e-25
-2.2685,-9.71151,102.146,6.00662e-26
-27.5218,16.1969,46.7,8.70976e-26
8.86592,-8.12453,105,2.2566e-25
-24.3242,14.6331,50,1.81737e-26
-29.4891,11.8771,46.8777,3.03221e-26
-20.5037,12.8555,54.2,7.5351e-26
-30.3635,11.3864,46.3656,3.01044e-26
-37,7.66287,42.4795,3.44272e-26
-17.0471,11.2471,58,0.13843
-24.4766,14.6672,49.882,0.084206
-24.5986,14.6331,49.7591,0.0646702
-24.6693,14.5813,49.7,0.0398035
-50,0.368883,34.867,6.6612e-26
7.21771,-6.89239,102.011,6.41343e-26
-28.5649,12.3956,47.4188,1.34114e-25
-24.2423,13.8825,50,3.20268e-26
-30.7807,15.4687,46.1642,3.35727e-26
-21.5856,13.0226,54.2,6.40535e-26
-31.8374,15.7225,45.5757,3.29054e-26
-37,16.9624,42.7005,3.11381e-26
-19.1819,12.2446,58,0.0181757
-24.4321,13.9439,49.7,0.121953
-50,20.0845,35.4604,3.01706e-26
-29.6499,15.1971,46.794,1.62474e-25
23.4718,-29.7928,48.5979,2.79606e-26
23.2567,-28.7373,48.7309,1.47383e-25
20.7673,-19.1036,54.2,6.00845e-26
26.0609,-42.5,46.9967,1.11159e-25
19.9884,-17.4634,58,0.0277488
21.6896,-21.046,49.7,0.0811493
27.5891,-50,46.0516,1.94795e-25
-18.2329,-14.2879,54.2,5.90722e-26
-16.3858,-14.2352,58,0.0865057
-50,-33.5041,47.9172,2.21737e-25
-30.6634,-20.969,49.0895,2.74017e-26
-20.4333,-14.3781,49.7706,0.0739015
-20.5924,-14.4404,49.7,0.0540852
-29.7518,-20.3781,49.1447,1.55167e-25
18.0669,31.0442,47.7456,3.15379e-26
17.6812,29.9578,47.9002,1.66754e-25
13.1485,15.0238,54.2,6.2473e-26
21.175,39.7987,46.5,1.15549e-25
13.146,13.0562,58.0227,0.0263613
13.1509,13.0645,58,0.00629419
13.1563,17.2263,49.944,0.0179228
13.1623,17.2543,49.8807,0.0213477
13.1835,17.2638,49.8044,0.0295743
13.1868,17.2722,49.7413,0.013465
13.1903,17.3087,49.7,0.0164788
13.1765,17.2933,49.7609,0.0018285
13.1764,17.2935,49.761,0.00729693
24.7967,50,45.0485,2.12928e-25
