956,12.9983,18.2843,49.7,0.65127
956,11.0227,14.9146,58,0.242119
956,16.2475,23.8073,36.0856,5.77021
956,16.95,24.9612,33.2466,4.54364
956,16.954,24.962,33.2428,4.994
956,16.9315,24.9677,33.2499,0.787986
956,16.93,24.9682,33.2502,0.12734
956,16.922,24.969,33.2461,1.03035
956,16.9204,24.9695,33.246,0.110147
956,16.92,24.9696,33.246,0.0124839
956,16.9199,24.9696,33.2461,0.000404624
956,16.9197,24.9696,33.2461,3.82857e-06
956,16.9196,24.9696,33.2461,2.99312e-06
956,16.9195,24.9695,33.2461,0.00115967
956,16.9194,24.9695,33.2461,0.00570557
956,16.804,25.0187,33.1595,2.12571
956,16.7429,25.0418,33.1208,2.06964
67852,-22.3131,12.2134,49.7,1.111
67852,-19.1309,11.1449,58,0.300246
67852,-26.8587,13.7705,37.9169,4.45972
67852,-27.4863,13.9632,36.2939,3.60262
67852,-27.4868,13.9638,36.293,0.882666
67852,-27.5117,13.9163,36.1853,3.55862
67852,-27.5121,13.9157,36.1835,0.12751
67852,-23.4705,12.6099,46.7,8.68131e-25
67852,-22.1981,12.1748,50,2.80977e-25
9799,-15.8596,18.4268,49.7,0.875472
9799,-13.1963,15.085,58,0.319473
9799,-19.8323,23.4993,37.3297,5.01628
9799,-19.8327,23.5003,37.3285,1.14594
9799,9.06818,-24.6867,33.5996,0.0244898
9799,-19.7012,23.564,37.2143,2.10941
9799,-19.6379,23.5938,37.1583,2.28379
9799,-20.0503,23.4262,37.1905,1.97939
9799,-20.2176,23.3746,37.0872,2.09356
9799,-20.3186,23.3453,37.0227,2.43655
9799,-20.3233,23.3439,37.0203,0.292137
9799,-20.3244,23.3436,37.0198,0.0737665
9799,-20.3247,23.3435,37.0196,0.0180067
22602,-14.5727,-18.3161,58,0.354445
22602,-18.6601,-20.9318,49.7,1.06291
22602,-24.5997,-24.7238,37.5981,4.65443
22602,-24.7198,-24.8038,37.3541,0.429682
22602,-24.7206,-24.8046,37.3532,1.51913
22602,-24.9511,-24.6092,37.5457,0.0118518
22602,-24.5883,-24.6821,37.2882,2.0595
22602,-24.5172,-24.6175,37.2521,2.47397
22602,9.37534,-3.3767,105.923,1.64365e-24
91603,-16.4619,-18.0021,58,0.292771
91603,-20.866,-21.5817,49.7,0.946202
91603,-27.4851,-27.0979,37.4859,4.99118
91603,-28.1481,-27.6364,36.3084,2.67568
91603,-28.1498,-27.6372,36.3071,3.40148
91603,-19.7719,-17.3955,31.6979,0.315194
91603,-19.5834,-17.3711,31.7922,0.178771
91603,-28.0804,-27.7234,36.3524,2.48252
91603,-28.0784,-27.7256,36.3536,0.196735
91603,-28.0778,-27.7263,36.3539,0.049565
91603,-28.0777,-27.7263,36.3539,0.00695443
91603,9.50681,2.94329,106.541,1.4747e-24
30489,-17.3516,-11.8126,58,0.260243
30489,-21.0048,-13.1669,49.7,0.849723
30489,-27.0176,-15.4268,36.5283,5.37973
30489,-28.2793,-15.9149,33.7231,5.12267
30489,-29.3003,-16.2772,31.5005,4.36952
30489,-29.7498,-16.4356,30.5056,2.11753
30489,-29.7504,-16.4359,30.5041,2.04795
30489,-29.7114,-16.479,30.4191,2.48862
30489,-29.7114,-16.4789,30.419,2.99632e-05
30489,-29.7114,-16.4788,30.4189,0.00711478
51458,15.5963,20.9847,49.7,1.57296
51458,13.8849,16.5801,58,0.506965
51458,17.8268,26.3708,39.1576,2.81252
51458,17.8814,26.5019,38.8837,0.986959
51458,17.8814,26.5018,38.8816,3.15309
51458,17.9049,26.548,38.9111,1.64083
51458,17.9056,26.5493,38.912,0.083904
51458,17.9059,26.5498,38.9124,0.0483329
51458,4.56904,-8.84208,105.268,3.02584e-24
98561,-12.0494,19.4806,49.7,0.90418
98561,-10.7381,16.8619,58,0.274651
98561,-13.9605,23.0291,38.2163,3.06985
98561,-13.9595,23.0308,38.2145,4.31075
98561,-16.4553,21.6736,37.5396,0.02166
98561,-14.0084,23.0141,38.1718,1.92357
54570,11.5271,15.1515,49.7,0.905223
54570,9.4314,13.8129,58,0.353586
54570,40.9809,4.63618,30.7737,0.00470305
54570,14.4831,17.2028,38.3047,3.4078
54570,14.4836,17.2042,38.303,3.57839
54570,0.867772,19.2607,34.916,0.292127
54570,14.954,5.56143,35.0247,0.32754
54570,14.4813,17.0676,38.3021,2.39529
54570,14.4808,17.0555,38.3025,0.474372
54570,14.4805,17.0532,38.3026,0.189372
54570,11.7079,15.277,49.0029,2.03118e-25
54570,11.4514,15.1031,50,2.83106e-25
61664,-4.32351,-0.18876,49.7,0.644874
61664,-4.25619,-0.191218,50,2.02608e-25
61664,-2.46095,-0.256759,58,0.224112
61664,-7.54355,-0.0968565,36.0854,5.78672
61664,-7.68006,-0.100665,35.4983,0.852646
61664,-7.68041,-0.0993754,35.4969,2.85644
61664,-7.74248,-0.105566,35.4522,2.10007
61664,-5.03305,-0.168509,46.7,6.16527e-25
96526,-22.976,20.5382,49.8192,0.52133
96526,-22.9766,20.5379,49.8183,2.31356
96526,-22.8543,20.5917,49.8226,3.13708
96526,-22.8437,20.5956,49.8229,0.754
96526,-22.8435,20.5956,49.823,0.020386
96526,-22.9292,20.6672,49.7961,3.13269
96526,-22.9237,20.6815,49.7945,0.955928
96526,-23.053,20.6872,49.8939,2.89443
96526,-23.0838,20.758,49.918,2.73542
96526,-23.0839,20.7582,49.9182,0.0263373
96526,-19.3333,17.0088,58,0.298176
81930,17.9643,14.0116,49.7,0.790538
81930,15.6195,13.2311,58,0.277827
81930,21.1242,15.0983,38.5578,2.34238
81930,21.1275,15.099,38.5551,6.90242
81930,5.119,-8.09544,39.0883,0.0381741
81930,21.1114,15.097,38.5503,0.758379
95139,-12.3468,-18.4357,58,0.312408
95139,-14.4873,-21.7274,49.7,1.14615
95139,-17.3576,-26.3279,38.3235,3.86038
95139,-17.3579,-26.3295,38.3222,1.98968
95139,-17.293,-26.3068,38.2202,2.43548
95139,-17.2899,-26.3057,38.2156,0.391035
95139,-17.4698,-26.2172,38.293,2.32019
95139,-17.4951,-26.1905,38.2888,1.19852
95139,-17.4964,-26.1893,38.2885,0.146114
28616,18.4079,20.3655,56.2,3.15206e-26
28616,19.8168,23.6272,49.7,0.750428
28616,18.0178,19.4623,58,0.354258
28616,22.359,29.0646,38.5417,2.22216
28616,22.3588,29.0648,38.5396,3.03887
28616,23.7507,28.7528,37.8776,1.93708
28616,23.9009,28.7119,37.8353,2.26696
28616,23.9378,28.7,37.8234,1.35461
28616,23.9386,28.6997,37.8231,0.0649929
28616,22.3263,29.3624,38.6514,1.9215
28616,22.2991,29.5942,38.7419,1.99964
28616,22.2804,29.7636,38.8136,2.07968
28616,22.2723,29.8454,38.8475,2.26972
28616,22.2723,29.8454,38.8475,0.00320747
28616,20.5003,25.089,46.7,2.82319e-25
96494,21.8177,16.6252,49.7,1.2146
96494,18.5316,13.9524,58,0.400863
96494,26.058,20.4205,38.6382,3.5072
96494,26.472,20.7899,37.5513,3.03804
96494,26.58,20.8794,37.2774,0.802239
96494,26.5801,20.8799,37.2754,2.88006
96494,26.6016,20.8608,37.301,1.34311
79336,23.1447,-15.7151,49.7,0.894415
79336,19.2545,-14.1526,58,0.299251
79336,28.3724,-17.7067,38.4606,2.31345
79336,28.3725,-17.7069,38.4591,1.13456
79336,28.387,-17.702,38.4801,1.05124
79336,28.603,-17.7942,38.2009,2.00531
79336,28.7815,-17.8671,37.996,1.89242
79336,28.9219,-17.9232,37.8394,2.102
79336,29.0133,-17.9637,37.7355,2.35972
79336,29.0255,-17.9688,37.7215,0.737379
79336,29.0268,-17.9693,37.7201,0.159644
11861,12.6559,-17.6962,49.7,0.795224
11861,10.7239,-15.454,58,0.215457
11861,-0.0549189,-42.5,54.6678,1.88801e-24
11861,0.921885,-41.0791,53.7,8.07169e-24
11861,15.1514,-20.3556,39.5916,0.554984
11861,15.1538,-20.3544,39.5862,8.98309
11861,14.9653,-20.6469,39.784,2.60401
11861,14.8108,-20.8768,39.9394,2.64329
11861,14.7492,-20.9659,40,1.26901
11861,-5.21097,-50,59.7764,1.92429e-23
11861,9.809,-28.1519,44.8947,2.34598e-24
98631,34.89,-37.858,46.7631,3.97559e-24
98631,14.0242,17.0031,49.728,2.07662
98631,14.1247,16.7227,49.7,2.54135
98631,14.0241,17.0038,49.7275,0.964767
98631,12.7928,14.1236,58,0.752503
98631,30.0504,-25.1372,47.4476,9.98603e-25
98631,33.4153,-33.9816,46.9717,5.21416e-24
98631,36.6561,-42.5,46.5134,4.76086e-24
98631,39.5095,-50,46.1098,7.17921e-24
98631,20.7,-0.560089,48.77,1.9159e-24
98631,23.2218,-7.18862,48.4134,1.33652e-24
98631,29.5898,-23.9266,47.5127,1.31931e-24
98631,29.0764,-22.5771,47.5854,1.5715e-23
98631,18.1878,6.04321,49.1254,5.47626e-24
98631,18.5848,4.99966,49.0692,1.01884e-24
93505,0.250314,-0.252924,49.7,0.670799
93505,0.286248,0.470077,58,0.329979
93505,0.0792156,-1.42091,35.8735,5.99033
93505,0.087829,-1.67979,32.6643,5.14075
93505,0.0871956,-1.67995,32.663,1.47049
93505,6.15974,-14.6834,21.9128,0.00776365
93505,0.179027,-1.57887,32.5512,2.13522
93505,0.215296,-1.53857,32.506,1.6839
93505,0.217485,-1.53652,32.5035,0.276369
93505,0.217783,-1.5363,32.5032,0.0072796
93505,0.217929,-1.53604,32.503,0.000672318
93505,0.218156,-1.53584,32.5031,0.0143039
17939,-13.0776,-15.1958,58,0.278967
17939,-15.5707,-19.1746,49.7,0.705793
17939,-19.7808,-25.7171,36.2864,5.9421
17939,-20.7412,-27.1513,33.3255,4.97673
17939,-21.277,-28.0471,31.6375,3.09426
17939,-21.2769,-28.0476,31.6358,2.28107
17939,-21.256,-28.0842,31.648,1.4909
17939,2.02717,9.78472,109.372,5.75771e-25
27606,21.1278,-22.2396,49.8538,0.676527
27606,21.1278,-22.2402,49.8529,1.66683
27606,21.2097,-22.3153,49.9596,3.00155
27606,21.2267,-22.3295,49.9827,1.33723
27606,21.2277,-22.3304,49.9843,0.199821
27606,21.2278,-22.3304,49.9843,0.00945459
27606,21.1842,-22.0964,49.8601,2.9756
27606,21.2012,-22.0685,49.86,1.49852
27606,21.2017,-22.0678,49.86,0.0585383
27606,21.2019,-22.0678,49.8602,0.026731
27606,17.4261,-17.425,58,0.532117
27606,6.25474,-19.4134,23.9013,0.437373
27606,6.26802,-19.4629,23.9068,0.0776836
27606,-3.7693,10.9586,105,2.68095e-24
66137,-1.72271,-0.465751,49.7,1.15815
66137,-1.43278,-0.694815,58,0.343915
66137,-2.12343,-0.0133578,39.3087,1.45908
66137,-2.12406,-0.0136528,39.3076,0.650615
66137,-11.2168,-21.4817,22.9546,0.00531554
66137,-2.05712,0.0730566,39.2595,2.46049
66137,-2.05501,0.0757103,39.2578,0.272904
66137,-2.05474,0.0759888,39.2577,0.0166468
66137,-2.1108,-0.0518833,39.1207,2.06592
66137,-2.10293,-0.0681531,39.0171,2.46718
66137,-2.10259,-0.0682871,39.0165,0.0282464
66137,-2.10231,-0.0683681,39.0163,0.00357994
66137,-2.10208,-0.0684246,39.0163,0.00169698
66137,-2.10186,-0.0685019,39.0164,0.000417193
66137,-2.10181,-0.0685736,39.0166,0.00223664
66137,-2.10187,-0.0685844,39.0168,0.00791277
73106,-11.5045,-12.2751,58,0.253238
73106,-13.5225,-15.1338,49.7,0.736229
73106,-16.8263,-19.5539,36.4221,5.71195
73106,-17.2347,-20.139,34.6985,2.79203
73106,-17.234,-20.1387,34.6969,2.26856
73106,-17.2838,-20.1668,34.7002,1.73572
82848,-1.65002,-2.25994,49.9263,0.249784
82848,-1.65026,-2.25999,49.9257,0.41818
82848,-1.63442,-2.32104,49.9259,2.37323
82848,-1.58709,-2.10323,49.7715,2.69265
82848,-1.55843,-2.02502,49.7,1.76364
82848,-1.31829,-2.30044,58,0.412258
82848,2.46168,7.85135,39.9075,2.3915
82848,2.46558,7.86018,39.8987,0.699365
1288,-17.3865,16.8479,49.8591,0.561797
1288,-17.3872,16.8481,49.8585,1.7133
1288,-17.1166,16.7604,49.8586,2.58022
1288,-16.9095,16.6888,49.8515,2.80365
1288,-16.77,16.6433,49.8524,2.98454
1288,-16.7465,16.6335,49.8519,1.33218
1288,-16.7464,16.6335,49.8519,0.00409665
1288,-14.0879,14.8389,58,0.466897
2562,-0.680718,1.13074,49.7,0.748642
2562,-1.85845,0.00759251,58,0.338291
2562,1.8043,2.61835,36.3554,5.65128
2562,1.87968,2.6581,36.001,0.553253
2562,1.8801,2.65926,35.9955,8.58791
2562,1.91594,2.6713,36.165,2.20174
2562,1.92835,2.67634,36.2168,1.6388
2562,1.92854,2.6764,36.2175,0.0404837
2562,-8.56876,-5.9836,105,1.44951e-24
52727,-25.2343,-12.0316,56.238,1.81724e-24
52727,-19.363,-15.2699,58.0161,0.282218
52727,-19.3631,-15.2707,58.0159,0.813187
52727,-19.3595,-15.2713,58,0.155437
52727,-19.4152,-15.2404,58,0.240481
52727,-17.4779,-16.1017,49.7,2.57222
52727,-31.9649,-8.3202,54.2,3.18164e-24
52727,-40.2214,-3.76744,51.7,3.18164e-24
52727,-15.3708,-17.1312,39.6962,1.88563
52727,-15.3275,-17.1653,39.4572,2.00935
52727,-15.2954,-17.1851,39.2818,2.16361
52727,-15.2856,-17.195,39.2097,2.02876
52727,7.86854,6.58634,105,1.7529e-24
86914,-21.8784,-15.6755,56.2,2.44814e-25
86914,-20.8473,-14.7235,58,0.404168
86914,-25.5391,-19.0554,49.8099,0.631581
86914,-25.5398,-19.0559,49.8096,0.998897
86914,-25.5534,-18.9654,49.8828,3.30702
86914,-25.5536,-18.9639,49.884,0.189533
86914,-25.5013,-19.132,49.7,2.28688
86914,-25.5197,-19.0436,49.7,1.63753
86914,-22.5447,-27.1363,39.9086,2.44402
86914,-22.5436,-27.139,39.9051,0.30151
86914,-22.5436,-27.1394,39.9046,0.0349411
86914,-23.6774,-17.0575,39.8468,2.20068
86914,-23.6695,-17.0476,39.8084,1.28746
86914,-23.6691,-17.0472,39.8068,0.131607
86914,5.71396,9.27342,105,2.07103e-24
86914,-25.4302,-18.9549,50,2.95077e-25
86914,-24.5954,-21.5845,46.7,9.98296e-24
86914,-24.9588,-18.4389,46.7,6.12906e-24
75766,-18.1665,15.6941,49.7838,0.839737
75766,-18.167,15.6941,49.7833,0.536018
75766,-18.0739,15.7561,49.7737,3.3139
75766,-18.0732,15.7565,49.7737,0.0612433
75766,-18.0731,15.7565,49.7737,0.013034
75766,-18.1929,15.6989,49.7,1.2907
75766,-15.5949,13.885,58,0.348009
75766,-19.2759,15.9522,26.0408,0.0999158
75766,-21.6906,16.2044,39.8377,2.2373
75766,-21.7105,16.2068,39.7839,1.75213
55772,17.0093,-13.0197,49.8436,0.653344
55772,17.009,-13.0202,49.8428,1.15167
55772,17.2949,-12.8428,49.9124,2.68786
55772,17.5178,-12.7007,49.9621,2.58351
55772,17.6655,-12.607,50,2.22692
55772,14.3576,-10.7369,58,0.428991
55772,42.5,3.44987,55.835,1.41412e-23
55772,33.4131,-2.42528,53.7,1.7298e-23
55772,50,8.29904,57.5972,1.4225e-23
55772,21.9216,-9.85519,51,4.59393e-24
80432,-14.7744,-11.6042,58,0.329279
80432,-18.7081,-14.4849,49.9783,0.0892269
80432,-18.7084,-14.4847,49.9779,0.344472
80432,-18.6387,-14.4628,49.9395,2.79663
80432,-18.7455,-14.5834,49.8259,2.73273
80432,-18.7596,-14.6322,49.749,2.99162
80432,-18.8738,-14.6615,49.9349,2.65754
80432,-18.9942,-14.794,49.9062,2.88043
80432,-19.0493,-14.8476,49.8971,2.6505
80432,-19.0494,-14.8479,49.897,0.0372352
80432,9.67543,5.4374,105,1.86207e-24
29896,15.4494,-25.0588,49.9081,0.744632
29896,15.4499,-25.0593,49.9077,0.665917
29896,15.3347,-24.9885,49.8287,2.94839
29896,15.3067,-24.9741,49.8101,1.68456
29896,13.0574,-20.2641,58,0.720587
29896,-2.02671,9.78486,108.474,2.42769e-24
29896,15.4222,-25.0043,50,7.20042e-25
52052,-16.648,-18.1051,58,0.295543
52052,-18.2534,-20.4956,49.7,0.826272
52052,-20.5667,-24.0563,37.4972,4.52798
52052,-20.635,-24.1517,37.1619,0.623272
52052,-20.6355,-24.1522,37.1604,2.00837
52052,-20.7176,-24.2043,37.0949,2.45229
52052,-20.72,-24.2059,37.0928,0.238621
52052,-20.7204,-24.2063,37.0923,0.0424425
79944,-2.048,-0.916342,49.7,1.63514
79944,-1.12423,-0.532442,58,0.532745
79944,-3.21803,-1.46946,39.6748,1.09833
79944,-3.21816,-1.46972,39.6741,0.281344
79944,-3.22963,-1.44029,39.489,2.11306
79944,-3.23347,-1.42483,39.3964,2.34049
79944,-3.23349,-1.42476,39.3962,0.000755929
79944,-3.23352,-1.42468,39.3961,0.000266095
79944,-3.23352,-1.4248,39.3961,0.00633562
57117,17.7557,-18.6621,49.7456,0.860017
57117,17.7553,-18.6623,49.7448,0.976898
57117,17.7905,-18.6727,49.7,0.650348
57117,15.8127,-17.0142,58,0.283469
57117,25.6278,-21.3599,39.8262,1.98167
57117,25.7218,-21.396,39.7013,2.1583
57117,25.7467,-21.4068,39.6661,1.14713
57117,25.7494,-21.408,39.6621,0.323603
57117,25.7498,-21.4081,39.6617,0.00564177
57117,25.7501,-21.4082,39.6612,0.00793471
57117,25.7502,-21.4082,39.6608,0.0103542
57117,25.7501,-21.4082,39.6607,0.00816172
60355,-0.107356,1.41285,49.7,0.6789
60355,-1.09286,1.43234,58,0.308956
60355,1.60758,1.46565,35.9376,5.40551
60355,1.60877,1.46512,35.9369,1.35215
60355,1.35663,1.36702,35.9314,1.99701
60355,1.16563,1.29632,35.931,1.99342
60355,1.04357,1.25439,35.9335,2.40122
60355,1.0353,1.25201,35.9338,0.510661
60355,1.03486,1.25188,35.9338,0.0194747
60355,1.1859,7.28526,24.5888,0.179106
17234,-24.1108,13.345,49.7,1.72993
17234,-19.8813,11.1927,58,0.450026
17234,-29.2457,16.1565,39.1761,2.59105
17234,-29.4471,16.2785,38.738,1.68839
17234,-30,16.2317,38.7802,2.34731
17234,-29.4464,16.2789,38.7367,1.64357
17234,-25.5746,14.1465,46.7,1.48175e-24
17234,-23.9579,13.2673,50,4.60944e-25
16147,-4.25719,-0.932063,49.8471,0.640812
16147,-4.25772,-0.931979,49.8463,1.32844
16147,-4.16854,-0.866533,49.9064,3.17827
16147,-4.16379,-0.863299,49.9096,0.524166
16147,-4.17464,-1.02733,49.8052,3.16074
16147,-4.1677,-1.03457,49.8013,0.735546
16147,-4.16764,-1.03464,49.8013,0.0109982
16147,-4.23445,-0.935611,50,3.79526e-25
16147,-3.04451,-1.12123,58,0.409897
67219,3.90078,0.304578,49.7,0.789685
67219,2.97536,1.52971,58,0.304563
67219,5.17764,-1.3572,38.284,2.69883
67219,5.17746,-1.3575,38.2822,1.83666
67219,5.19867,-1.29873,38.2393,2.74309
67219,5.22093,-1.52225,38.2573,2.2411
67219,5.23817,-1.5765,38.2478,1.75786
67219,-2.92676,9.51183,111.479,1.24758e-25
67219,4.23632,-0.132119,46.7,5.79455e-25
76417,1.228,4.12559,49.7,0.794004
76417,1.17601,4.07128,50,2.07739e-25
76417,-0.210297,2.62309,58,0.240111
76417,3.29154,6.28866,38.1089,2.88359
76417,3.29306,6.2895,38.1042,6.28891
76417,3.24626,6.39119,38.0289,2.37316
76417,3.24198,6.40182,38.0205,0.568713
76417,3.24133,6.40329,38.0192,0.169711
76417,3.18546,6.12432,38.398,2.0357
76417,3.10258,5.99921,38.6253,1.91053
76417,3.03546,5.90317,38.7983,2.0075
76417,2.99116,5.84086,38.911,2.45684
76417,2.98711,5.83641,38.9202,0.609119
76417,2.987,5.83633,38.9204,0.00560943
76417,2.98704,5.83636,38.9205,0.00496378
76417,2.98707,5.83638,38.9205,0.00277008
76417,-8.37186,-5.72013,105,1.44705e-24
76417,1.76208,4.68543,46.7,6.33533e-25
72264,-20.5975,21.2799,49.872,0.600214
72264,-20.5974,21.2796,49.8715,0.432974
72264,-20.6683,21.3878,49.778,2.90439
72264,-20.687,21.4171,49.7537,1.63238
72264,-20.688,21.4186,49.7525,0.194233
72264,-20.6882,21.4188,49.7524,0.0199641
72264,-20.6882,21.4188,49.7524,0.00381979
72264,-17.8568,19.0488,58,0.551297
48117,-18.3304,19.2484,49.7354,1.7222
48117,-18.3304,19.249,49.7348,0.637044
48117,-18.4593,19.0988,49.7,2.42779
48117,-14.7168,16.9022,58,0.556678
48117,-27.734,7.91849,47.2265,1.55172e-24
48117,-37,-3.25135,44.7554,2.48139e-24
48117,-26.413,9.51091,47.5788,8.06113e-24
48117,-27.1086,8.67232,47.3933,1.647e-24
26301,-13.7715,23.6368,49.8115,1.25578
26301,-13.7715,23.6369,49.8106,0.945661
26301,-13.8338,23.6938,49.9463,3.0113
26301,-13.8488,23.7062,49.9787,1.72182
26301,-11.5121,19.8895,58,0.657174
26301,-13.7195,23.5506,50,5.44185e-25
24885,18.3307,13.8549,49.7,1.07832
24885,14.8295,11.7737,58,0.423309
24885,22.7118,16.4155,39.255,1.53375
24885,22.7119,16.4156,39.2529,2.00024
24885,22.7403,16.4021,39.2726,1.00674
24885,22.7437,16.4005,39.2746,0.212969
24885,22.7447,16.4,39.2753,0.103633
24885,22.8049,16.5459,39.1869,2.1552
24885,22.8406,16.5948,39.1643,1.8813
38218,18.5599,-15.8827,49.876,0.712028
38218,18.5602,-15.8827,49.8757,0.244529
38218,18.5093,-15.9659,49.7505,2.98082
38218,18.4954,-15.9867,49.7211,1.62367
38218,18.4949,-15.9874,49.7202,0.121697
38218,15.7769,-12.6553,58,0.634174
66564,-15.4243,19.7855,49.7,0.846127
66564,-13.0955,15.9624,58,0.278945
66564,-18.0032,24.2737,39.9067,0.169799
66564,-18.0041,24.2751,39.906,2.58841
66564,-18.0349,24.1796,39.9052,2.39859
66564,-18.0351,24.179,39.9052,0.0118946
66564,-18.0351,24.1787,39.9052,0.0161083
66564,-10.3768,25.3709,24.3839,0.335982
25313,24.5265,17.5652,49.7052,1.77265
25313,24.5271,17.5651,49.7048,0.575305
25313,20.4686,13.9976,58,0.588798
25313,-5.38618,-8.40531,110.709,6.58344e-25
39051,-16.3686,24.935,49.7803,0.903629
39051,-16.3687,24.9354,49.7793,1.80893
39051,-16.4478,24.9117,49.8061,2.84943
39051,-16.4481,24.9116,49.8061,0.0289048
39051,-16.266,24.9463,49.8663,3.21818
39051,-16.2579,24.9479,49.8726,0.730214
39051,-14.1952,20.2229,58,0.374251
39051,-0.586311,-9.94225,110.572,5.11123e-25
39051,-16.3105,24.809,50,1.2015e-25
5277,13.5587,15.9502,49.919,0.346254
5277,13.5582,15.9507,49.9186,0.622695
5277,13.635,15.9157,49.8419,3.20839
5277,13.6362,15.9149,49.8402,0.2229
5277,13.6988,15.9301,49.8513,3.06313
5277,13.7288,15.9241,49.8371,1.59771
5277,12.0124,12.6979,58,0.456092
5277,18.7609,8.68549,23.8978,0.183714
5277,15.4857,8.4609,26.7554,0.134046
53354,-16.1529,20.886,49.7,0.709464
53354,-13.9369,18.9648,58,0.351498
53354,-19.0186,23.6474,38.3093,2.48156
53354,-19.0191,23.6491,38.306,6.01858
53354,-18.9967,23.7344,38.2884,2.32124
1091,15.946,20.9853,49.7158,0.85093
1091,15.9456,20.9857,49.716,0.305824
1091,15.9561,20.9888,49.7,1.73697
1091,16.03,21.0111,49.7557,3.0752
1091,15.9343,20.9811,49.7,0.243506
1091,13.2211,16.5431,58,0.305715
1091,22.2182,22.9583,39.9266,8.8883
1091,8.68404,18.7169,39.822,1.99272
1091,8.59304,18.6906,39.6967,2.16542
1091,8.56881,18.6827,39.6658,1.3819
1091,8.56847,18.6826,39.6653,0.010874
1091,8.56821,18.6824,39.6651,0.0172916
1091,31.6575,8.81176,62.5445,0.0257918
1091,-2.76307,-9.56148,106.825,1.29233e-24
3606,17.829,11.1926,49.8422,0.620412
3606,17.8292,11.1929,49.8414,0.812848
3606,17.782,11.151,49.7513,3.26737
3606,17.7815,11.1507,49.7506,0.0698998
3606,17.7815,11.1507,49.7504,0.0164628
3606,17.7815,11.1507,49.7505,0.0017403
3606,17.9519,11.1356,49.9418,2.87722
3606,17.9895,11.1177,49.978,2.18037
3606,17.9895,11.1177,49.978,0.00220855
3606,14.4145,10.7144,58,0.459959
3606,-7.21491,6.89579,108.937,1.19736e-24
3606,17.578,11.1574,50.442,2.21205e-25
2933,11.4728,15.7713,49.8211,0.936619
2933,11.4725,15.7716,49.8205,0.478632
2933,11.6167,15.7664,49.7416,3.03799
2933,11.6553,15.7639,49.7209,1.78344
2933,11.6563,15.7637,49.7204,0.078773
2933,11.6565,15.7637,49.7202,0.00423944
2933,11.6566,15.7638,49.72,0.0247238
2933,10.456,12.668,58,0.487729
2933,-19.779,4.31321,31.3983,0.0104187
2933,11.4505,15.7034,50,4.56551e-25
74217,25.2666,-20.2735,49.9487,2.78707
74217,17.7876,-13.3747,58.0798,0.114001
74217,17.7877,-13.3747,58.0795,0.16843
74217,17.8784,-13.4527,58,2.33279
74217,-5.68916,8.20517,110.856,7.39575e-25
74217,25.2195,-20.23,50,2.50012e-24
99113,12.5773,-19.6408,49.9371,0.291367
99113,12.5779,-19.6417,49.9368,2.95988
99113,12.5665,-19.602,49.9284,7.11458
99113,12.4732,-19.6856,49.8374,2.99775
99113,12.4515,-19.6941,49.8196,1.42586
99113,12.4513,-19.6942,49.8193,0.00979046
99113,12.4515,-19.6942,49.8192,0.024798
99113,10.255,-15.7154,58,0.510229
99113,-4.58308,8.83457,108.512,1.14726e-24
942,12.6709,-15.3312,49.7,0.823607
942,11.5117,-13.3474,58,0.268971
942,14.2779,-18.4868,37.0189,4.89675
942,14.3324,-18.5878,36.5956,0.776643
942,14.3329,-18.5876,36.5943,1.41958
942,15.7215,-25.3262,37.0199,0.73311
942,19.0302,-12.3518,29.3289,0.127194
942,14.231,-18.5393,36.3813,1.92933
942,14.155,-18.5102,36.2221,2.21863
942,14.1274,-18.499,36.1599,1.95547
3601,14.6891,21.1629,49.874,0.388752
3601,14.6893,21.1633,49.8738,0.340512
3601,14.7823,21.1771,49.7455,3.0031
3601,14.8043,21.1794,49.7139,1.62585
3601,14.8049,21.1795,49.713,0.115815
3601,11.2188,18.4143,58,0.291358
3601,11.3493,18.9228,29.7675,0.332571
3601,-9.86373,1.38358,107.679,1.1671e-24
29791,-11.7903,-15.7385,58,0.266246
29791,-14.194,-17.1788,49.7,0.717009
29791,-17.9123,-19.3281,36.5299,5.31192
29791,-18.2531,-19.5422,35.3844,1.83961
29791,-18.2541,-19.5416,35.3827,2.25345
29791,-18.291,-19.5937,35.3546,1.91775
29791,-18.2916,-19.5944,35.3542,0.0550117
29791,-18.2916,-19.5945,35.3541,0.00119128
29791,-18.2917,-19.5945,35.354,0.000201031
29791,-18.2918,-19.5946,35.354,0.00707162
29791,-18.164,-19.6345,35.385,2.39823
29791,-18.1583,-19.6407,35.3848,0.517921
18561,13.09,-22.3913,49.945,0.354967
18561,13.2397,-22.7321,49.998,2.69454
18561,13.2447,-22.7437,50,0.113734
18561,13.0898,-22.3909,49.9443,0.761322
18561,11.9271,-19.6857,58,0.692501
18561,23.6598,-47.2962,54,3.66466e-24
18561,21.6252,-42.5,53.2186,7.95127e-24
18561,24.8067,-50,54.4405,2.30638e-24
18561,15.8484,-28.8819,51,4.96375e-24
39979,19.9435,-18.6325,49.9516,0.21752
39979,19.9434,-18.6331,49.9508,1.69768
39979,19.9474,-18.6108,50,1.10555
39979,20.0533,-18.5527,49.9341,3.13985
39979,20.0645,-18.5451,49.9319,0.599233
39979,20.0671,-18.5437,49.9316,0.28291
39979,17.0423,-14.684,58,0.490408
39979,20.3218,-14.7675,58.0506,2.20595
39979,-1.83087,9.81967,110.074,8.29738e-25
92418,11.7446,-18.5402,49.7,0.825071
92418,10.8078,-16.6469,58,0.248456
92418,13.0112,-21.1381,38.2433,2.51472
92418,13.0101,-21.1386,38.2408,3.40593
92418,19.9829,-22.7989,39.2885,0.0169241
92418,11.0661,-27.6177,38.8709,0.0308632
92418,22.1511,-20.9598,39.423,0.13822
92418,12.9616,-21.1587,38.1208,2.44455
92418,12.9578,-21.1604,38.1118,0.583013
92418,13.3172,-21.1515,38.2872,2.02048
92418,13.5538,-21.161,38.3161,1.97021
92418,13.7264,-21.1688,38.3341,2.14009
92418,13.7911,-21.1718,38.3397,1.88823
9502,-23.6345,16.0504,49.7202,1.07897
9502,-23.6352,16.0508,49.7195,1.96016
9502,-23.5998,16.0744,49.7486,2.07428
9502,-23.6044,15.9931,49.7,0.843844
9502,-18.6578,13.0052,58,0.354103
9502,-18.161,3.99202,44.7091,1.77062e-24
9502,-14.661,-3.72445,41.5,4.22532e-24
9502,-12.9467,-7.50396,39.9282,2.10123
9502,-12.9019,-7.60928,39.8862,2.45
9502,-12.9001,-7.61325,39.8844,0.344046
9502,9.56419,-4.40305,105,2.42464e-24
9502,-20.3324,8.77937,46.7,6.26218e-24
9502,-18.6181,4.99966,45.1281,1.83384e-24
16709,-11.5158,-12.2853,58,0.379476
16709,-14.0795,-15.4301,49.7,1.22156
16709,-17.4259,-19.358,39.7563,0.517494
16709,-17.4264,-19.3583,39.7556,0.268905
16709,-17.3794,-19.3947,39.6507,2.51255
16709,-17.378,-19.3958,39.6477,0.266429
16709,-17.5468,-19.4188,39.5866,2.02026
16709,-17.6268,-19.4594,39.4705,2.30282
16709,-17.6396,-19.4652,39.4518,1.01405
63470,-14.092,-10.9225,58,0.259294
63470,-15.784,-13.8552,49.7,0.943996
63470,-18.1663,-18.2912,37.1966,5.03748
63470,-18.4568,-18.8683,35.4856,3.18223
63470,-18.4574,-18.868,35.4844,1.34942
63470,-18.4193,-18.8731,35.4826,1.36339
10625,-16.5764,13.5952,49.7,0.813707
10625,-13.7962,12.0298,58,0.243175
10625,-20.3525,15.7457,38.5241,2.34727
10625,-20.3526,15.7449,38.5217,4.14334
10625,-1.08767,13.5126,27.6092,0.0047101
10625,-20.355,15.746,38.5401,0.659643
10625,-20.3553,15.7461,38.5418,0.140874
10625,-21.2709,17.3233,38.2731,2.17159
14354,-15.2399,-20.4861,58,0.296448
14354,-17.3771,-23.7174,49.7,0.973575
14354,-20.4344,-28.3964,37.7634,4.40687
14354,-20.6513,-28.7012,36.967,1.78654
14354,-20.6518,-28.7028,36.9647,3.34417
14354,-20.6062,-28.7015,36.9782,1.25046
14354,-20.6025,-28.7017,36.9792,0.261904
14354,-20.6019,-28.7017,36.9793,0.0316201
14354,-20.7881,-28.5764,36.939,2.09201
14354,-20.8551,-28.5127,36.9291,2.29289
14354,-20.8556,-28.5122,36.9291,0.0407509
14354,-18.1455,-24.8933,46.7,1.80724e-26
45539,-11.5088,-14.3129,58,0.238377
45539,-12.0509,-15.9981,49.7,0.863069
45539,-12.7588,-18.2535,38.9534,1.76951
45539,-12.7599,-18.2537,38.9527,0.719095
45539,-12.6986,-18.3277,38.8772,2.49939
45539,-12.6965,-18.3301,38.8748,0.296758
45539,-12.6965,-18.3302,38.8748,0.00430414
45539,-12.6208,-18.2183,38.5214,2.04351
45539,-12.5055,-18.1904,38.1779,2.00575
45539,-12.4079,-18.1765,37.9095,1.92784
45539,-12.3282,-18.1699,37.7038,2.02372
45539,-12.2755,-18.1691,37.5621,2.33446
45539,-12.2681,-18.1695,37.5367,1.03892
45539,-12.2679,-18.1695,37.5359,0.0535153
74879,20.7694,-22.5968,49.8835,0.569825
74879,20.7699,-22.597,49.8826,1.25816
74879,20.8242,-22.6517,49.9277,2.90825
74879,20.8243,-22.6519,49.9279,0.024974
74879,20.6375,-22.631,49.8932,3.13419
74879,20.6245,-22.6348,49.8927,0.776102
74879,20.6235,-22.6351,49.8925,0.103465
74879,16.8082,-18.0722,58,0.57205
74879,-6.3491,8.65173,105,2.89168e-24
81806,-12.7986,17.4381,49.7769,1.17025
81806,-12.7991,17.4379,49.7765,0.492844
81806,-12.7132,17.529,49.7444,3.21346
81806,-12.7082,17.5345,49.7426,0.585308
81806,-12.7746,17.4843,49.7,1.81116
81806,-10.9308,14.726,58,0.415119
81806,-9.28841,22.9724,39.9316,2.16975
63532,22.8422,16.7047,49.8558,0.652396
63532,22.8426,16.705,49.855,1.32535
63532,22.7875,16.7336,49.968,3.20254
63532,22.7837,16.7353,49.9743,0.530881
63532,22.7834,16.7354,49.9748,0.0326318
63532,22.7834,16.7355,49.9748,0.0134452
63532,22.8134,16.6099,49.762,3.12717
63532,22.8097,16.5996,49.7537,0.82973
63532,22.8095,16.5993,49.7532,0.0511808
63532,22.8095,16.5993,49.7532,0.00147091
63532,19.9921,14.4996,58,0.421556
23581,-18.8458,18.9717,49.9431,0.443383
23581,-18.8464,18.9718,49.9425,0.728303
23581,-18.7234,19.0044,49.9625,3.2271
23581,-18.7165,19.0062,49.9634,0.55493
23581,-15.5664,16.3821,58,0.838204
33845,-14.9469,-12.2623,58,0.580464
33845,-18.5578,-13.749,49.7194,1.43579
33845,-18.5579,-13.7488,49.7185,1.35577
33845,-18.5913,-13.7989,49.7356,2.31034
33845,-18.5916,-13.7993,49.7356,0.0210783
33845,-18.5917,-13.7995,49.7357,0.0195905
33845,-18.5917,-13.7995,49.7357,0.0018966
33845,-18.5648,-13.7788,49.7899,2.64236
33845,-18.5649,-13.7789,49.7902,0.0338945
65753,22.0519,-18.7732,49.7,0.771694
65753,18.8697,-16.0023,58,0.268966
65753,38.0686,-38.3561,18.6579,0.0225201
65753,27.0003,-23.304,36.5513,5.509
65753,27.0289,-23.3295,36.4781,0.126764
65753,27.0291,-23.3292,36.4767,1.15295
65753,27.0199,-23.3456,36.4988,1.125
65753,27.156,-23.4328,36.2896,1.95862
65753,27.2488,-23.5137,36.1509,2.18143
65753,27.2894,-23.5501,36.0874,2.15143
65753,27.2898,-23.5504,36.0869,0.0408876
57509,22.1404,21.3298,49.7,1.18677
57509,18.0994,18.7415,58,0.307201
57509,27.8715,24.9425,37.9324,4.33349
57509,28.7001,25.4383,36.2879,4.08017
57509,28.9726,25.594,35.7667,1.32255
57509,28.9733,25.5944,35.766,0.693354
57509,29.063,25.6137,35.685,2.42008
57509,29.0675,25.615,35.6815,0.396577
57509,29.0675,25.615,35.6814,0.00497161
57509,23.6015,22.2508,46.7,7.59562e-26
89499,15.2995,15.6026,49.7,0.746421
89499,12.7281,14.1282,58,0.286426
89499,18.6533,17.5045,38.7897,1.85674
89499,18.6534,17.5048,38.7889,0.263802
89499,18.8426,17.5602,38.7037,2.0331
89499,18.9681,17.596,38.6437,2.36654
89499,18.9843,17.5986,38.6346,0.878216
89499,18.9844,17.5986,38.6345,0.00466414
89499,18.5627,17.4647,38.2171,2.22723
89499,18.5,17.4289,37.7578,2.18658
89499,18.4457,17.3971,37.397,2.0309
89499,18.4024,17.3722,37.1141,1.86213
89499,18.3667,17.358,36.8933,1.98122
89499,18.3402,17.3483,36.7387,2.20813
89499,18.3327,17.3441,36.7016,1.36732
15863,18.8188,11.8579,49.7245,1.55385
15863,18.8192,11.8584,49.7238,0.976045
15863,18.7526,11.6868,49.7119,2.80159
15863,18.7278,11.6049,49.7026,2.8291
15863,18.7276,11.6046,49.7027,0.0400542
15863,16.2503,10.5492,58,0.529674
65587,20.3431,-19.6982,49.7,0.867543
65587,18.2671,-16.9987,58,0.262359
65587,23.3483,-23.8882,37.1778,5.13081
65587,23.7452,-24.4528,35.5419,3.23209
65587,23.7445,-24.453,35.54,2.9563
65587,-0.198747,-21.9853,33.1463,0.219648
65587,23.7966,-24.4965,35.5352,1.8508
65587,23.7975,-24.4973,35.5351,0.073378
65587,23.7976,-24.4975,35.535,0.00113431
65587,23.7978,-24.4974,35.535,0.00985262
59955,18.7297,-22.914,49.833,0.622875
59955,18.7301,-22.9144,49.832,2.3066
59955,18.768,-22.9129,49.8815,2.26026
59955,18.7685,-22.9129,49.8822,0.0749965
59955,18.7685,-22.9129,49.8822,0.00461451
59955,18.7324,-22.9001,49.8956,2.30765
59955,18.7324,-22.8998,49.8965,0.0700342
59955,18.7324,-22.8998,49.8966,0.00463824
59955,18.7324,-22.8997,49.8966,0.0126265
59955,18.6557,-22.957,49.7937,3.03159
59955,15.6593,-18.3568,58,0.406073
59955,-2.66437,9.59142,107.916,1.19741e-24
20052,-14.1648,-14.7177,58,0.22416
20052,-16.7857,-15.7559,49.7,0.681956
20052,-20.6193,-17.1163,38.4154,2.23813
20052,-20.6208,-17.1177,38.4139,3.11235
20052,-20.6084,-17.1545,38.3367,2.24899
20052,-20.6084,-17.1547,38.3364,0.00625304
20052,-20.6085,-17.1548,38.3365,2.73292e-05
20052,-20.6085,-17.1549,38.3364,0.000715999
20052,-20.6084,-17.1549,38.3364,0.00548946
20052,-20.6699,-17.0307,38.3817,2.47817
20052,-20.6702,-17.0302,38.3815,0.00950713
20052,-20.6703,-17.0299,38.3812,0.0213276
27910,-17.6797,13.1842,49.7,0.758027
27910,-14.6541,11.4663,58,0.228322
27910,-22.4824,16.0846,36.2755,5.42516
27910,-22.4831,16.0853,36.274,2.59279
27910,-7.34611,27.8107,34.8419,0.205936
27910,-22.5165,15.8524,36.352,1.95365
27910,-22.5429,15.6805,36.4085,2.0863
27910,-22.5516,15.601,36.4365,2.19655
27910,-22.5517,15.6008,36.4365,0.00968707
27910,-22.5517,15.6007,36.4365,0.00226666
85798,-1.48307,0.621482,49.9203,0.200892
85798,-1.48293,0.620731,49.9195,2.62983
85798,-1.7463,1.73431,49.8369,3.95565
85798,-1.98293,2.62715,49.7643,3.84007
85798,-2.15401,3.34099,49.7156,3.08517
85798,-2.20282,3.54094,49.7,1.10253
85798,-3.46028,9.05135,49.2672,4.86198e-25
85798,-1.21177,1.30867,58,0.194743
85798,-11.0932,42.5,46.6403,3.10614e-24
85798,-12.8046,50,46.0513,3.34507e-24
85798,-7.77776,27.9713,47.7813,2.22067e-24
85798,-3.20555,7.9351,49.3549,2.09983e-24
85798,-6.71337,23.307,48.1477,3.36676e-24
85798,-8.21124,29.8709,47.6322,9.00826e-25
92453,19.5111,-10.738,49.9932,0.0662829
92453,19.8258,-10.788,50,1.91714
92453,19.5107,-10.7379,49.9925,0.636219
92453,15.6026,-9.97942,58,0.60627
92453,50,-15.1902,50.0317,4.22271e-24
92453,-8.44127,-5.3189,106.102,3.26281e-24
92453,19.5078,-10.7373,50,5.69041e-25
92453,29.6774,-12.2252,50.0104,5.94293e-24
55654,16.5061,18.642,49.7,0.742691
55654,13.0774,16.9555,58,0.212326
55654,22.0626,21.4182,36.5773,5.66583
55654,22.2652,21.5053,36.1468,0.814035
55654,22.2661,21.5047,36.1437,5.35597
55654,22.3597,21.6061,36.2993,1.98724
55654,22.4245,21.669,36.3967,2.40916
55654,22.4296,21.6734,36.4045,0.597355
55654,-6.35771,7.6565,105.599,1.41957e-24
93792,-18.6685,-12.6519,58,0.751719
93792,-22.378,-13.4874,49.7376,2.17386
93792,-22.4534,-13.4974,49.7,0.697317
93792,-22.3778,-13.4873,49.7374,0.173037
93792,-31.642,-14.6482,45.5838,1.02525e-24
93792,-37,-15.3192,43.1836,9.52527e-25
93792,-30.5656,-14.5134,46.066,1.06828e-24
93792,-29.1504,-14.3361,46.7,5.5853e-24
73947,-14.7724,-11.1893,58,0.217864
73947,-15.7857,-12.9265,49.7,0.73597
73947,-17.3008,-15.4283,37.4547,3.93174
73947,-17.3012,-15.4275,37.4525,3.85919
73947,-17.3314,-15.4915,37.5021,2.20661
73947,-17.3314,-15.4915,37.5021,0.00199264
33391,-20.7538,15.5574,49.9652,0.146545
33391,-20.7538,15.5572,49.9644,0.537208
33391,-20.8087,15.5259,49.9039,2.90947
33391,-20.7276,15.7523,49.9929,2.75357
33391,-20.7223,15.7852,50,0.609525
33391,-18.8068,13.9509,58,0.441484
33391,-15.6098,42.5,55.9956,2.00865e-23
33391,-17.5673,32.2714,53.7,5.66825e-24
33391,-14.1745,50,57.6789,1.7574e-23
44553,-18.5859,22.4126,49.7,0.813585
44553,-16.41,19.6226,58,0.25463
44553,-21.8497,26.5063,37.0981,4.52788
44553,-21.8506,26.5082,37.0951,6.03367
44553,2.18253,-27.2871,21.3795,0.000967374
44553,4.40901,-26.5963,21.4632,0.0185706
44553,5.55254,-27.4045,22.2252,0.198163
44553,-26.8826,5.01869,21.6052,0.226546
44553,-21.9839,26.3655,37.3073,2.0389
44553,-22.0868,26.2551,37.463,1.92682
44553,-22.1602,26.177,37.5685,2.36789
44553,-22.1726,26.165,37.5855,0.96526
44553,-22.1731,26.1644,37.5862,0.0568137
44553,-22.1732,26.1643,37.5865,0.000249917
44553,-22.1734,26.1642,37.5868,0.00222609
44553,-22.1733,26.1641,37.587,0.0124938
62902,-12.7076,18.8237,49.8481,0.380146
62902,-12.7074,18.8242,49.8474,0.953657
62902,-12.7878,18.8111,49.7628,3.22263
62902,-12.7901,18.8109,49.7605,0.29901
62902,-12.7257,18.8284,49.7,1.09535
62902,-10.4442,16.1154,58,0.240257
62902,-33.5916,41.8963,11.6416,0.0395794
62902,-13.7206,19.22,39.6215,2.07601
62902,-13.7509,19.2242,39.3249,1.88729
62902,-13.7788,19.2275,39.0936,1.98973
62902,-13.7832,19.2272,39.0556,0.360858
62902,-13.7795,19.2054,39.0399,1.09422
62902,-13.7794,19.2052,39.0397,0.00292436
62902,-13.7795,19.2049,39.0396,0.0127548
62902,-13.8039,19.2791,38.9783,2.31736
62902,-13.8041,19.2795,38.9776,0.0464997
62902,-13.8041,19.2796,38.9775,0.00447112
32534,-16.0299,-11.9537,58,0.291065
32534,-18.1747,-13.0191,49.734,0.782177
32534,-18.1745,-13.0191,49.7332,0.795459
32534,-18.3767,-13.0959,49.7582,2.6381
32534,-18.5187,-13.1417,49.769,3.09004
32534,-18.542,-13.1503,49.7718,1.1779
32534,-18.5432,-13.1509,49.7719,0.142116
32534,-15.1713,-3.91724,28.2367,0.00198405
32534,-5.39848,-0.240373,28.3059,0.000299093
32534,-6.0436,-0.733552,27.308,0.00095713
32534,-5.20118,-0.975978,26.8009,1.85388e-06
32534,-5.86558,-2.36732,21.2504,1.63853e-07
32534,-18.7991,-14.705,29.9536,1.385
71194,-2.52591,-0.614052,49.7,0.984904
71194,-1.21711,0.212245,58,0.247375
71194,-4.62854,-1.94926,36.936,5.08154
71194,-5.00829,-2.25251,34.4999,4.37431
71194,-5.10186,-2.31998,33.8857,1.15421
71194,-5.10274,-2.31931,33.8843,1.45471
71194,-5.11749,-2.35866,33.7983,2.34654
71194,-5.11763,-2.35894,33.7977,0.0430738
71194,-4.98528,-2.45404,33.7989,2.1089
71194,-4.91958,-2.53103,33.749,2.51412
71194,-4.91866,-2.53205,33.7483,0.0816986
71194,-4.9182,-2.53247,33.7481,0.0381613
12540,21.8913,21.4284,49.7,0.86223
12540,17.7242,17.6713,58,0.310173
12540,27.9319,26.9456,37.6764,4.64757
12540,28.4802,27.4306,36.5999,2.22888
12540,28.4812,27.4315,36.5984,2.78428
12540,28.0565,28.2543,36.3922,0.122138
12540,28.4977,27.2841,36.5714,2.24014
12540,28.5018,27.2557,36.5661,0.983049
12540,28.5021,27.2536,36.5657,0.147773
12540,28.5022,27.253,36.5656,0.0310943
12540,-8.40046,-5.39525,109.615,6.70594e-25
12540,23.3985,22.805,46.7,1.5396e-25
22656,-14.5668,-19.6938,58,0.762804
22656,-16.3033,-24.2586,49.8654,1.05581
22656,-16.3037,-24.2588,49.8647,0.641769
22656,-16.2021,-24.2884,49.8839,3.28398
22656,-3.96465,9.16513,109.977,1.41161e-24
56288,-16.4637,20.2004,49.7,0.982425
56288,-14.8373,17.6551,58,0.310933
56288,-18.7665,23.8194,37.6659,4.44317
56288,-18.7957,23.8608,37.5205,0.224952
56288,-18.7951,23.8615,37.5176,4.85038
56288,-19.0062,23.8766,37.5598,1.99207
56288,-19.1481,23.8934,37.5849,2.28896
56288,-19.17,23.896,37.5889,0.850478
56288,-19.1717,23.8961,37.5892,0.108829
56288,-19.1723,23.8961,37.5892,0.0202053
56288,-19.1724,23.8962,37.5892,0.00735776
56288,-19.1724,23.8962,37.5892,0.00133248
70427,12.8716,23.1726,49.7,1.06127
70427,11.9849,19.4515,58,0.328439
70427,14.1133,27.8539,39.3806,1.23125
70427,14.1145,27.8576,39.3805,3.59916
70427,14.1142,27.8469,39.378,1.52885
70427,13.9737,27.8841,39.2857,2.20613
70427,13.9269,27.8958,39.2539,1.75817
70427,13.2326,24.5335,46.7,9.39956e-25
70427,12.8396,23.0381,50,3.03351e-25
97390,17.765,16.6652,49.8397,0.660379
97390,17.7656,16.6655,49.839,1.37449
97390,17.7734,16.74,49.8593,2.60797
97390,17.7734,16.7409,49.8595,0.0881587
97390,17.6151,16.521,49.7835,2.71633
97390,17.5116,16.4254,49.7517,2.99611
97390,17.4959,16.4092,49.7469,1.24537
97390,17.4958,16.4092,49.7469,0.00742745
97390,14.3487,13.2211,58,0.412224
97390,-6.24564,-7.74848,107.145,1.67748e-24
97679,18.1673,21.3305,49.7,0.719269
97679,14.64,18.1229,58,0.251533
97679,22.6847,25.4772,39.2726,1.16752
97679,22.6837,25.4787,39.2695,4.57801
97679,22.9836,25.3769,39.356,2.66292
97679,23.2174,25.296,39.4202,2.66772
97679,23.3932,25.2377,39.4688,2.89185
97679,23.4839,25.2084,39.4959,3.20754
97679,22.682,25.5572,39.1642,2.3852
97679,22.6815,25.5644,39.1545,0.472535
97679,22.6814,25.5658,39.1527,0.190534
2763,-15.3718,-17.6152,58,0.346571
2763,-19.5131,-20.1117,49.7,1.17481
2763,-24.862,-23.4263,38.3996,3.69617
2763,-25.4729,-23.8509,37.129,3.47095
2763,-25.8345,-24.0994,36.3709,2.33298
2763,-25.8358,-24.0995,36.3691,4.10204
2763,9.65214,-2.46421,108.471,1.16493e-24
51378,-22.8074,14.7906,49.7565,0.817177
51378,-22.8939,14.7664,49.7882,0.290468
51378,-24.2793,14.663,49.7143,4.5983
51378,-25.0958,14.6155,49.712,3.09182
51378,-22.8938,14.7662,49.7885,0.242254
51378,-22.8071,14.791,49.7556,2.32638
51378,-18.1519,13.0253,58,0.272963
51378,9.71402,2.26024,107.082,1.38751e-24
51378,-29.4135,14.3953,49.6837,8.25604e-25
51378,-30.5025,14.3398,49.6766,3.45293e-25
1595,12.1771,15.334,49.957,0.265218
1595,12.1772,15.3344,49.9566,0.358227
1595,12.2291,15.2148,49.8921,3.03978
1595,12.2374,15.1961,49.8824,1.23707
1595,9.75632,14.3457,58,0.704094
23744,-9.93662,-12.3543,58,0.426876
23744,-11.3488,-15.4063,49.9568,0.198526
23744,-11.3491,-15.4068,49.9561,0.956535
23744,-11.351,-15.4605,49.9807,2.27481
23744,-11.351,-15.4605,49.9807,0.00586112
23744,-11.4041,-15.3076,49.9091,3.25046
23744,-11.4065,-15.3041,49.907,0.407049
23744,-11.2486,-15.3748,49.8659,3.08634
23744,-11.237,-15.3715,49.8549,0.872101
23744,-11.2361,-15.3714,49.8541,0.111624
23744,-11.236,-15.3714,49.8541,0.0112881
23744,-11.3412,-15.3899,50,3.05707e-25
56114,12.8187,15.3541,49.7,0.782651
56114,11.4662,12.3067,58,0.218247
56114,14.828,20.3112,36.3512,5.68221
56114,15.3568,21.3999,33.4581,5.15497
56114,15.4767,21.6907,32.6848,1.5292
56114,15.4757,21.6909,32.6831,2.885
56114,15.5126,21.6812,32.6744,1.31512
56114,15.5135,21.6809,32.6742,0.0569805
56114,15.5136,21.6808,32.6741,1.98459e-07
56114,15.5137,21.6809,32.674,0.00662149
17864,-0.11721,-3.72337,49.7,0.970239
17864,-0.823143,-2.535,58,0.29142
17864,0.872337,-5.24702,39.1798,1.70876
17864,0.872724,-5.24731,39.1786,0.672308
17864,-9.41602,9.33198,36.3626,0.151555
17864,0.894927,-5.21403,39.1059,2.17102
17864,0.895058,-5.21382,39.1054,0.0159533
17864,0.895147,-5.21369,39.1053,0.0105772
17864,0.806682,-5.3024,39.0616,2.34393
17864,0.79622,-5.30989,39.0446,0.957757
17864,0.164975,-4.15786,46.7,3.41101e-25
69285,13.682,-22.0924,49.7,0.933103
69285,12.8422,-19.0701,58,0.325692
69285,14.8542,-26.5141,37.632,4.4106
69285,14.9208,-26.7568,36.9739,1.38388
69285,14.9201,-26.7578,36.9722,1.99578
69285,15.0423,-26.8189,36.9807,2.34285
69285,15.0547,-26.8262,36.9815,0.745479
69285,14.9519,-26.6604,36.8523,2.27301
69285,14.9584,-26.6387,36.8238,1.33112
